"pk_population,""pop_cod"",""genus"",""species"",""subspecies"",""localisation"",""years"""
"6,""Abiealba-001"",""Abies"",""Abies alba"",""---"",""Emilia-Romagna (Italy)"",""2000"""
"7,""Abienebr-001"",""Abies"",""Abies nebrodensis"",""---"",""Sicilia (Italy)"",""2003"""
"8,""Achimari-001"",""Achillea"",""Achillea maritima"",""---"",""Corse (France)"",""2001, 2003"""
"42,""Alisgram-001"",""Alisma"",""Alisma gramineum"",""---"",""England (United Kingdom)"",""1998"""
"43,""Alisgram-002"",""Alisma"",""Alisma gramineum"",""---"",""England (United Kingdom)"",""1983"""
"44,""Alisgram-003"",""Alisma"",""Alisma gramineum"",""---"",""England (United Kingdom)"",""1996"""
"45,""Alisgram-004"",""Alisma"",""Alisma gramineum"",""---"",""England (United Kingdom)"",""2009"""
"46,""Alislanc-001"",""Alisma"",""Alisma lanceolatum"",""---"",""Seeland (Switzerland)"",""2001"""
"214,""Lysimini-001"",""Lysimachia"",""Lysimachia minima"",""---"",""Seeland (Switzerland)"",""2001"""
"215,""Lysitene-001"",""Lysimachia"",""Lysimachia tenella"",""---"",""Seeland (Switzerland)"",""2001"""
"216,""Lysitene-002"",""Lysimachia"",""Lysimachia tenella"",""---"",""Seeland (Switzerland)"",""2001"""
"217,""Anchcris-001"",""Anchusa"",""Anchusa crispa"",""---"",""Corse (France)"",""1992, 1994, 1997"""
"220,""Anchcris-004"",""Anchusa"",""Anchusa crispa"",""---"",""Corse (France)"",""1995, 1996"""
"222,""Anchcris-006"",""Anchusa"",""Anchusa crispa"",""---"",""Corse (France)"",""1995, 1996"""
"224,""Anchcris-008"",""Anchusa"",""Anchusa crispa"",""---"",""Corse (France)"",""2002"""
"365,""Antichar-001"",""Antirrhinum"",""Antirrhinum charidemi"",""---"",""Andalucía (Spain)"",""1976"""
"366,""Antichar-002"",""Antirrhinum"",""Antirrhinum charidemi"",""---"",""Andalucía (Spain)"",""1976"""
"367,""Antichar-003"",""Antirrhinum"",""Antirrhinum charidemi"",""---"",""Andalucía (Spain)"",""1976"""
"368,""Helonodi-001"",""Helosciadium"",""Helosciadium nodiflorum"",""---"",""Seeland (Switzerland)"",""2001"""
"369,""Helonodi-002"",""Helosciadium"",""Helosciadium nodiflorum"",""---"",""Seeland (Switzerland)"",""2001"""
"370,""Helorepe-001"",""Helosciadium"",""Helosciadium repens"",""---"",""Seeland (Switzerland)"",""2001"""
"371,""Helorepe-002"",""Helosciadium"",""Helosciadium repens"",""---"",""Seeland (Switzerland)"",""2001"""
"372,""Helorepe-003"",""Helosciadium"",""Helosciadium repens"",""---"",""Seeland (Switzerland)"",""2001"""
"373,""Armepung-001"",""Armeria"",""Armeria pungens"",""---"",""Corse (France)"",""1992"""
"374,""Armepung-002"",""Armeria"",""Armeria pungens"",""---"",""Corse (France)"",""1996, 1997"""
"375,""Armepung-003"",""Armeria"",""Armeria pungens"",""---"",""Corse (France)"",""2004"""
"376,""Armepung-004"",""Armeria"",""Armeria pungens"",""---"",""Corse (France)"",""2001"""
"377,""Brasinsu-001"",""Brassica"",""Brassica insularis"",""---"",""Corse (France)"",""1996"""
"378,""Geniaetn-001"",""Genista"",""Genista aetnensis"",""---"",""Corse (France)"",""1996, 1997"""
"380,""Geniaetn-003"",""Genista"",""Genista aetnensis"",""---"",""Corse (France)"",""1996"""
"382,""Junioxyc-001"",""Juniperus"",""Juniperus oxycedrus"",""Juniperus oxycedrus macrocarpa"",""Corse (France)"",""1987, 1990, 1993, 1994, 1997"""
"387,""Woodradi-001"",""Woodwardia"",""Woodwardia radicans"",""---"",""Corse (France)"",""1996"""
"388,""Kostpent-001"",""Kosteletzkya"",""Kosteletzkya pentacarpos"",""---"",""Corse (France)"",""1996"""
"389,""Linaflav-001"",""Linaria"",""Linaria flava"",""Linaria flava sardoa"",""Corse (France)"",""1998"""
"390,""Phylnodi-001"",""Phyla"",""Phyla nodiflora"",""---"",""Corse (France)"",""1995"""
"391,""Naufbale-001"",""Naufraga"",""Naufraga balearica"",""---"",""Corse (France)"",""1996"""
"392,""Naufbale-002"",""Naufraga"",""Naufraga balearica"",""---"",""Corse (France)"",""1997"""
"393,""Ophreleo-001"",""Ophrys"",""Ophrys eleonorae"",""---"",""Corse (France)"",""2000"""
"395,""Rouypoly-001"",""Rouya"",""Rouya polygama"",""---"",""Corse (France)"",""1993, 1995, 1996, 1997"""
"399,""Rouypoly-005"",""Rouya"",""Rouya polygama"",""---"",""Corse (France)"",""1992, 1993"""
"401,""Silevelu-001"",""Silene"",""Silene velutina"",""---"",""Corse (France)"",""1996"""
"402,""Tamaafri-001"",""Tamarix"",""Tamarix africana"",""---"",""Corse (France)"",""2004"""
"403,""Viteagnu-001"",""Vitex"",""Vitex agnus-castus"",""---"",""Corse (France)"",""1997"""
"405,""Artecamp-001"",""Artemisia"",""Artemisia campestris"",""---"",""England (United Kingdom)"",""1988, 1990"""
"406,""Achimill-001"",""Achillea"",""Achillea millefolium"",""---"",""Hesse (Germany)"",""2000, 2001"""
"407,""Scabcane-001"",""Scabiosa"",""Scabiosa canescens"",""---"",""Land de Bavière (Germany)"",""1993"""
"408,""Aspetinc-001"",""Asperula"",""Asperula tinctoria"",""---"",""Land de Bavière (Germany)"",""1993"""
"409,""Euphverr-001"",""Euphorbia"",""Euphorbia verrucosa"",""---"",""Land de Bavière (Germany)"",""1993"""
"410,""Seseannu-001"",""Seseli"",""Seseli annuum"",""---"",""Land de Bavière (Germany)"",""1993"""
"411,""Betooffi-001"",""Betonica"",""Betonica officinalis"",""---"",""Land de Bavière (Germany)"",""1993"""
"412,""Dorypent-001"",""Dorycnium"",""Dorycnium pentaphyllum"",""Dorycnium pentaphyllum germanicum"",""Land de Bavière (Germany)"",""1993"""
"413,""Inulhirt-001"",""Inula"",""Inula hirta"",""---"",""Land de Bavière (Germany)"",""1993"""
"414,""Filivulg-001"",""Filipendula"",""Filipendula vulgaris"",""---"",""Land de Bavière (Germany)"",""1993"""
"415,""Helinumm-001"",""Helianthemum"",""Helianthemum nummularium"",""---"",""Land de Bavière (Germany)"",""1993"""
"416,""Hippcomo-001"",""Hippocrepis"",""Hippocrepis comosa"",""---"",""Land de Bavière (Germany)"",""1993"""
"417,""Aspecyna-001"",""Asperula"",""Asperula cynanchica"",""---"",""Land de Bavière (Germany)"",""1993"""
"418,""Pimpsaxi-001"",""Pimpinella"",""Pimpinella saxifraga"",""---"",""Land de Bavière (Germany)"",""1993"""
"419,""Salvprat-001"",""Salvia"",""Salvia pratensis"",""---"",""Land de Bavière (Germany)"",""1993"""
"420,""Allicari-001"",""Allium"",""Allium carinatum"",""---"",""Land de Bavière (Germany)"",""1993"""
"421,""Medifalc-001"",""Medicago"",""Medicago falcata"",""---"",""Land de Bavière (Germany)"",""1993"""
"422,""Agrieupa-001"",""Agrimonia"",""Agrimonia eupatoria"",""---"",""Land de Bavière (Germany)"",""1993"""
"423,""Buphsali-001"",""Buphthalmum"",""Buphthalmum salicifolium"",""---"",""Land de Bavière (Germany)"",""1993"""
"424,""Bromerec-001"",""Bromus"",""Bromus erectus"",""---"",""Land de Bavière (Germany)"",""1993"""
"425,""Planmedi-001"",""Plantago"",""Plantago media"",""---"",""Land de Bavière (Germany)"",""1993"""
"426,""Medilupu-001"",""Medicago"",""Medicago lupulina"",""---"",""Land de Bavière (Germany)"",""1993"""
"427,""Linupere-001"",""Linum"",""Linum perenne"",""---"",""Land de Bavière (Germany)"",""1993"""
"428,""Festrupi-001"",""Festuca"",""Festuca rupicola"",""---"",""Land de Bavière (Germany)"",""1993"""
"429,""Koelpyra-001"",""Koeleria"",""Koeleria pyramidata"",""---"",""Land de Bavière (Germany)"",""1993"""
"430,""Genitinc-001"",""Genista"",""Genista tinctoria"",""---"",""Land de Bavière (Germany)"",""1993"""
"431,""Centscab-001"",""Centaurea"",""Centaurea scabiosa"",""---"",""Land de Bavière (Germany)"",""1993"""
"432,""Anthvuln-001"",""Anthyllis"",""Anthyllis vulneraria"",""---"",""Land de Bavière (Germany)"",""1993"""
"433,""Arabhirs-001"",""Arabis"",""Arabis hirsuta"",""---"",""Land de Bavière (Germany)"",""1993"""
"434,""Rhinglac-001"",""Rhinanthus"",""Rhinanthus glacialis"",""---"",""Land de Bavière (Germany)"",""1993"""
"435,""Thymprae-001"",""Thymus"",""Thymus praecox"",""---"",""Land de Bavière (Germany)"",""1993"""
"436,""Euphoffi-001"",""Euphrasia"",""Euphrasia officinalis"",""---"",""Land de Bavière (Germany)"",""1993"""
"437,""Campglom-001"",""Campanula"",""Campanula glomerata"",""---"",""Land de Bavière (Germany)"",""1993"""
"438,""Galiveru-001"",""Galium"",""Galium verum"",""---"",""Land de Bavière (Germany)"",""1993"""
"439,""Prungran-001"",""Prunella"",""Prunella grandiflora"",""---"",""Land de Bavière (Germany)"",""1993"""
"440,""Camprotu-001"",""Campanula"",""Campanula rotundifolia"",""---"",""Land de Bavière (Germany)"",""1993"""
"441,""Silevulg-001"",""Silene"",""Silene vulgaris"",""---"",""Land de Bavière (Germany)"",""1993"""
"442,""Diancart-001"",""Dianthus"",""Dianthus carthusianorum"",""---"",""Land de Bavière (Germany)"",""1993"""
"443,""Secuvari-001"",""Securigera"",""Securigera varia"",""---"",""Land de Bavière (Germany)"",""1993"""
"444,""Trifmont-001"",""Trifolium"",""Trifolium montanum"",""---"",""Land de Bavière (Germany)"",""1993"""
"445,""Centjace-001"",""Centaurea"",""Centaurea jacea"",""Centaurea jacea angustifolia"",""Land de Bavière (Germany)"",""1993"""
"446,""Linucath-001"",""Linum"",""Linum catharticum"",""---"",""Land de Bavière (Germany)"",""1993"""
"447,""Peucoreo-001"",""Peucedanum"",""Peucedanum oreoselinum"",""---"",""Land de Bavière (Germany)"",""1993"""
"448,""Leoninca-001"",""Leontodon"",""Leontodon incanus"",""---"",""Land de Bavière (Germany)"",""1993"""
"449,""Bisclaev-001"",""Biscutella"",""Biscutella laevigata"",""---"",""Land de Bavière (Germany)"",""1993"""
"450,""Bracrupe-001"",""Brachypodium"",""Brachypodium rupestre"",""---"",""Land de Bavière (Germany)"",""1993"""
"451,""Scabcolu-001"",""Scabiosa"",""Scabiosa columbaria"",""---"",""Land de Bavière (Germany)"",""1993"""
"452,""Anthramo-001"",""Anthericum"",""Anthericum ramosum"",""---"",""Land de Bavière (Germany)"",""1993"""
"453,""Galibore-001"",""Galium"",""Galium boreale"",""---"",""Land de Bavière (Germany)"",""1993"""
"455,""Primveri-002"",""Primula"",""Primula veris"",""---"",""Land de Bavière (Germany)"",""1993"""
"456,""Globcord-001"",""Globularia"",""Globularia cordifolia"",""---"",""Land de Bavière (Germany)"",""1993"""
"457,""Carecary-001"",""Carex"",""Carex caryophyllea"",""---"",""Land de Bavière (Germany)"",""1993"""
"458,""Corovagi-001"",""Coronilla"",""Coronilla vaginalis"",""---"",""Land de Bavière (Germany)"",""1993"""
"459,""Globbisn-001"",""Globularia"",""Globularia bisnagarica"",""---"",""Land de Bavière (Germany)"",""1993"""
"460,""Ononrepe-001"",""Ononis"",""Ononis repens"",""---"",""Land de Bavière (Germany)"",""1993"""
"461,""Ononspin-001"",""Ononis"",""Ononis spinosa"",""---"",""Land de Bavière (Germany)"",""1993"""
"462,""Phlephle-001"",""Phleum"",""Phleum phleoides"",""---"",""Land de Bavière (Germany)"",""1993"""
"463,""Potesang-001"",""Poterium"",""Poterium sanguisorba"",""---"",""Land de Bavière (Germany)"",""1993"""
"464,""Teucmont-001"",""Teucrium"",""Teucrium montanum"",""---"",""Land de Bavière (Germany)"",""1993"""
"465,""Silenuta-001"",""Silene"",""Silene nutans"",""---"",""Land de Bavière (Germany)"",""1993"""
"466,""Jacovulg-001"",""Jacobaea"",""Jacobaea vulgaris"",""---"",""Land de Bavière (Germany)"",""1993"""
"467,""Allicham-001"",""Allium"",""Allium chamaemoly"",""---"",""Occitanie (France)"",""2015"""
"468,""Anthbarb-001"",""Anthyllis"",""Anthyllis barba-jovis"",""---"",""Provence-Alpes-Côte d'Azur (France)"",""1995, 1996, 1998"""
"469,""Agrocani-001"",""Agrostis"",""Agrostis canina"",""---"",""Schleswig-Holstein (Germany)"",""2001"""
"470,""Heloberm-001"",""Helosciadium"",""Helosciadium bermejoi"",""---"",""Islas Baleares (Spain)"",""2005, 2008, 2010"""
"471,""Heloberm-002"",""Helosciadium"",""Helosciadium bermejoi"",""---"",""Islas Baleares (Spain)"",""2008"""
"472,""Heloberm-003"",""Helosciadium"",""Helosciadium bermejoi"",""---"",""Islas Baleares (Spain)"",""2008"""
"473,""Heloberm-004"",""Helosciadium"",""Helosciadium bermejoi"",""---"",""Islas Baleares (Spain)"",""2007"""
"474,""Arencont-001"",""Arenaria"",""Arenaria controversa"",""---"",""Centre-Val de Loire (France)"",""2005"""
"475,""Arengran-001"",""Arenaria"",""Arenaria grandiflora"",""---"",""Île-de-France (France)"",""1999"""
"476,""Arengran-002"",""Arenaria"",""Arenaria grandiflora"",""---"",""Île-de-France (France)"",""1999"""
"477,""Arengran-003"",""Arenaria"",""Arenaria grandiflora"",""---"",""Île-de-France (France)"",""1999"""
"478,""Arengran-004"",""Arenaria"",""Arenaria grandiflora"",""---"",""Île-de-France (France)"",""1999"""
"479,""Arengran-005"",""Arenaria"",""Arenaria grandiflora"",""---"",""Île-de-France (France)"",""2009"""
"480,""Armebelg-001"",""Armeria"",""Armeria belgenciensis"",""---"",""Provence-Alpes-Côte d'Azur (France)"",""2009, 2010, 2013, 2015"""
"481,""Artegran-001"",""Artemisia"",""Artemisia granatensis"",""---"",""Andalucía (Spain)"",""1976"""
"483,""Asplscol-001"",""Asplenium"",""Asplenium scolopendrium"",""---"",""Niedersachsen (Germany)"",""1999"""
"484,""Asplscol-002"",""Asplenium"",""Asplenium scolopendrium"",""---"",""Emilia-Romagna (Italy)"",""2004"""
"485,""Astrglau-001"",""Astragalus"",""Astragalus glaux"",""---"",""Occitanie (France)"",""2013"""
"486,""Baldranu-001"",""Baldellia"",""Baldellia ranunculoides"",""---"",""Seeland (Switzerland)"",""2001"""
"487,""Baldranu-002"",""Baldellia"",""Baldellia ranunculoides"",""---"",""Seeland (Switzerland)"",""2001"""
"488,""Vitigmel-001"",""Vitis"",""Vitis gmelinii"",""---"",""Grand Est (France)"",""1992"""
"489,""Vitigmel-002"",""Vitis"",""Vitis gmelinii"",""---"",""Grand Est (France)"",""1992"""
"493,""Woodilve-004"",""Woodsia"",""Woodsia ilvensis"",""---"",""Scotland (United Kingdom)"",""1999"""
"494,""Woodilve-005"",""Woodsia"",""Woodsia ilvensis"",""---"",""Scotland (United Kingdom)"",""2003"""
"495,""Woodilve-006"",""Woodsia"",""Woodsia ilvensis"",""---"",""England (United Kingdom)"",""1999"""
"496,""Woodilve-007"",""Woodsia"",""Woodsia ilvensis"",""---"",""England (United Kingdom)"",""1999"""
"497,""Woodilve-008"",""Woodsia"",""Woodsia ilvensis"",""---"",""Scotland (United Kingdom)"",""2005"""
"514,""Zostmari-017"",""Zostera"",""Zostera marina"",""---"",""Schleswig-Holstein (Germany)"",""1992"""
"515,""Zostmari-018"",""Zostera"",""Zostera marina"",""---"",""Occitanie (France)"",""2016"""
"519,""Zostnolt-004"",""Zostera"",""Zostera noltii"",""---"",""Schleswig-Holstein (Germany)"",""1992"""
"520,""Zostnolt-005"",""Zostera"",""Zostera noltii"",""---"",""Occitanie (France)"",""2013"""
"521,""Basslani-001"",""Bassia"",""Bassia laniflora"",""---"",""Provence-Alpes-Côte d'Azur (France)"",""2013"""
"522,""Basslani-002"",""Bassia"",""Bassia laniflora"",""---"",""Provence-Alpes-Côte d'Azur (France)"",""2013"""
"524,""Bencexst-001"",""Bencomia"",""Bencomia exstipulata"",""---"",""Canarias (Spain)"",""1995"""
"525,""Bencexst-002"",""Bencomia"",""Bencomia exstipulata"",""---"",""Canarias (Spain)"",""1995"""
"526,""Bencexst-003"",""Bencomia"",""Bencomia exstipulata"",""---"",""Canarias (Spain)"",""1995"""
"527,""Bencexst-004"",""Bencomia"",""Bencomia exstipulata"",""---"",""Canarias (Spain)"",""1995"""
"528,""Bencexst-005"",""Bencomia"",""Bencomia exstipulata"",""---"",""Canarias (Spain)"",""1995"""
"529,""Bencexst-006"",""Bencomia"",""Bencomia exstipulata"",""---"",""Canarias (Spain)"",""1992"""
"530,""Bencexst-007"",""Bencomia"",""Bencomia exstipulata"",""---"",""Canarias (Spain)"",""1992"""
"531,""Bencexst-008"",""Bencomia"",""Bencomia exstipulata"",""---"",""Canarias (Spain)"",""1992"""
"532,""Bencexst-009"",""Bencomia"",""Bencomia exstipulata"",""---"",""Canarias (Spain)"",""1992"""
"533,""Bencexst-010"",""Bencomia"",""Bencomia exstipulata"",""---"",""Canarias (Spain)"",""1992"""
"534,""Bencexst-011"",""Bencomia"",""Bencomia exstipulata"",""---"",""Canarias (Spain)"",""1995"""
"535,""Bidecern-001"",""Bidens"",""Bidens cernua"",""---"",""Lazio (Italy)"",""2006"""
"536,""Blacacum-001"",""Blackstonia"",""Blackstonia acuminata"",""---"",""Seeland (Switzerland)"",""2001"""
"537,""Blacacum-002"",""Blackstonia"",""Blackstonia acuminata"",""---"",""Seeland (Switzerland)"",""2001"""
"538,""Botrluna-001"",""Botrychium"",""Botrychium lunaria"",""---"",""Île-de-France (France)"",""2002"""
"539,""Brizmedi-001"",""Briza"",""Briza media"",""---"",""Schleswig-Holstein (Germany)"",""2001"""
"541,""Achiptar-001"",""Achillea"",""Achillea ptarmica"",""---"",""Hesse (Germany)"",""2000, 2001"""
"542,""Arabplan-001"",""Arabis"",""Arabis planisiliqua"",""Arabis planisiliqua nemorensis"",""Hesse (Germany)"",""2000, 2001"""
"543,""Betooffi-002"",""Betonica"",""Betonica officinalis"",""---"",""Hesse (Germany)"",""2000, 2001"""
"544,""Brominte-001"",""Bromus"",""Bromus interruptus"",""---"",""England (United Kingdom)"",""2003"""
"545,""Brominte-002"",""Bromus"",""Bromus interruptus"",""---"",""England (United Kingdom)"",""2004"""
"546,""Brominte-003"",""Bromus"",""Bromus interruptus"",""---"",""England (United Kingdom)"",""2013"""
"547,""Bromrace-001"",""Bromus"",""Bromus racemosus"",""---"",""Hesse (Germany)"",""2000, 2001"""
"548,""Buplfalc-001"",""Bupleurum"",""Bupleurum falcatum"",""Bupleurum falcatum falcatum"",""England (United Kingdom)"",""2009"""
"549,""Callpalu-001"",""Calla"",""Calla palustris"",""---"",""Grand Est (France)"",""1965"""
"550,""Callpalu-002"",""Calla"",""Calla palustris"",""---"",""Grand Est (France)"",""1980"""
"551,""Callpalu-003"",""Calla"",""Calla palustris"",""---"",""Grand Est (France)"",""1980"""
"552,""Callpalu-004"",""Calla"",""Calla palustris"",""---"",""Grand Est (France)"",""1980"""
"553,""Callpalu-005"",""Calla"",""Calla palustris"",""---"",""Grand Est (France)"",""1980"""
"554,""Callpalu-006"",""Calla"",""Calla palustris"",""---"",""Grand Est (France)"",""1993"""
"555,""Callpalu-007"",""Calla"",""Calla palustris"",""---"",""Massif du Jura (France)"",""1933"""
"556,""Camprain-001"",""Campanula"",""Campanula raineri"",""---"",""Lombardie (Italy)"",""2004"""
"557,""Caredepa-001"",""Carex"",""Carex depauperata"",""---"",""England (United Kingdom)"",""2009"""
"558,""Careechi-001"",""Carex"",""Carex echinata"",""---"",""Schleswig-Holstein (Germany)"",""2001"""
"559,""Careflav-001"",""Carex"",""Carex flava"",""---"",""Schleswig-Holstein (Germany)"",""2001"""
"560,""Carepani-001"",""Carex"",""Carex panicea"",""---"",""Schleswig-Holstein (Germany)"",""2001"""
"561,""Erioangu-001"",""Eriophorum"",""Eriophorum angustifolium"",""---"",""Schleswig-Holstein (Germany)"",""2001"""
"562,""Menytrif-001"",""Menyanthes"",""Menyanthes trifoliata"",""---"",""Schleswig-Holstein (Germany)"",""2001"""
"563,""Pedipalu-001"",""Pedicularis"",""Pedicularis palustris"",""---"",""Schleswig-Holstein (Germany)"",""2001"""
"564,""Poteerec-001"",""Potentilla"",""Potentilla erecta"",""---"",""Schleswig-Holstein (Germany)"",""2001"""
"565,""Comapalu-001"",""Comarum"",""Comarum palustre"",""---"",""Schleswig-Holstein (Germany)"",""2001"""
"566,""Trigpalu-001"",""Triglochin"",""Triglochin palustris"",""---"",""Schleswig-Holstein (Germany)"",""2001"""
"568,""Rhinglac-002"",""Rhinanthus"",""Rhinanthus glacialis"",""subalpinus"",""Schleswig-Holstein (Germany)"",""2001"""
"569,""Carepseu-001"",""Carex"",""Carex pseudocyperus"",""---"",""Seeland (Switzerland)"",""2001"""
"570,""Centcory-001"",""Centaurea"",""Centaurea corymbosa"",""---"",""Occitanie (France)"",""1994, 1995"""
"571,""Centcory-002"",""Centaurea"",""Centaurea corymbosa"",""---"",""Occitanie (France)"",""1994"""
"573,""Cerasubm-001"",""Ceratophyllum"",""Ceratophyllum submersum"",""---"",""Pays de la Loire (France)"",""2012"""
"574,""Cerasubm-002"",""Ceratophyllum"",""Ceratophyllum submersum"",""---"",""Pays de la Loire (France)"",""2012"""
"575,""Cerasubm-003"",""Ceratophyllum"",""Ceratophyllum submersum"",""---"",""Pays de la Loire (France)"",""2012"""
"576,""Cerasubm-004"",""Ceratophyllum"",""Ceratophyllum submersum"",""---"",""Pays de la Loire (France)"",""2013"""
"577,""Cerasubm-005"",""Ceratophyllum"",""Ceratophyllum submersum"",""---"",""Pays de la Loire (France)"",""2013"""
"578,""Cerasubm-006"",""Ceratophyllum"",""Ceratophyllum submersum"",""---"",""Pays de la Loire (France)"",""2013"""
"579,""Cerasubm-007"",""Ceratophyllum"",""Ceratophyllum submersum"",""---"",""Pays de la Loire (France)"",""2013"""
"580,""Cerasubm-008"",""Ceratophyllum"",""Ceratophyllum submersum"",""---"",""Pays de la Loire (France)"",""2013"""
"581,""Cerasubm-009"",""Ceratophyllum"",""Ceratophyllum submersum"",""---"",""Pays de la Loire (France)"",""2013"""
"582,""Cerasubm-010"",""Ceratophyllum"",""Ceratophyllum submersum"",""---"",""Pays de la Loire (France)"",""2013"""
"583,""Cerasubm-011"",""Ceratophyllum"",""Ceratophyllum submersum"",""---"",""Pays de la Loire (France)"",""2013"""
"585,""Cirstube-001"",""Cirsium"",""Cirsium tuberosum"",""---"",""England (United Kingdom)"",""1987"""
"586,""Cirstube-002"",""Cirsium"",""Cirsium tuberosum"",""---"",""Hesse (Germany)"",""2000, 2001"""
"587,""Cistclus-001"",""Cistus"",""Cistus clusii"",""---"",""Puglia (Italy)"",""2001"""
"588,""Cistclus-002"",""Cistus"",""Cistus clusii"",""---"",""Puglia (Italy)"",""2013"""
"589,""Halilasi-001"",""Halimium"",""Halimium lasianthum"",""Halimium lasianthum alyssoides"",""Pays de la Loire (France)"",""2013"""
"608,""Coinmone-001"",""Coincya"",""Coincya monensis"",""---"",""England (United Kingdom)"",""1992"""
"609,""Coinmone-002"",""Coincya"",""Coincya monensis"",""---"",""England (United Kingdom)"",""1992"""
"610,""Corrlito-001"",""Corrigiola"",""Corrigiola litoralis"",""---"",""England (United Kingdom)"",""2008"""
"612,""Crepfoet-001"",""Crepis"",""Crepis foetida"",""Crepis foetida foetida"",""England (United Kingdom)"",""1993"""
"613,""Crepfoet-002"",""Crepis"",""Crepis foetida"",""Crepis foetida foetida"",""England (United Kingdom)"",""2000"""
"614,""Crepfoet-003"",""Crepis"",""Crepis foetida"",""Crepis foetida foetida"",""England (United Kingdom)"",""2003"""
"615,""Crepfoet-004"",""Crepis"",""Crepis foetida"",""Crepis foetida foetida"",""England (United Kingdom)"",""2003"""
"616,""Crepfoet-005"",""Crepis"",""Crepis foetida"",""Crepis foetida foetida"",""England (United Kingdom)"",""2003"""
"619,""Cyprcalc-001"",""Cypripedium"",""Cypripedium calceolus"",""---"",""Canton de Berne (Switzerland)"",""2011"""
"620,""Dactinca-001"",""Dactylorhiza"",""Dactylorhiza incarnata"",""---"",""Canton du Jura (Switzerland)"",""2005"""
"621,""Dactmacu-001"",""Dactylorhiza"",""Dactylorhiza maculata"",""---"",""Canton du Jura (Switzerland)"",""2005"""
"622,""Diansicu-001"",""Dianthus"",""Dianthus siculus"",""Dianthus siculus morisianus"",""Sardegna (Italy)"",""2010"""
"623,""Diansicu-002"",""Dianthus"",""Dianthus siculus"",""Dianthus siculus morisianus"",""Sardegna (Italy)"",""2012"""
"624,""Damaalis-001"",""Damasonium"",""Damasonium alisma"",""---"",""England (United Kingdom)"",""2001"""
"625,""Damaalis-002"",""Damasonium"",""Damasonium alisma"",""---"",""England (United Kingdom)"",""2006"""
"626,""Damaalis-003"",""Damasonium"",""Damasonium alisma"",""---"",""Île-de-France (France)"",""2012"""
"627,""Damaalis-004"",""Damasonium"",""Damasonium alisma"",""---"",""Île-de-France (France)"",""2012"""
"628,""Damaalis-005"",""Damasonium"",""Damasonium alisma"",""---"",""Île-de-France (France)"",""2012"""
"629,""Damaalis-006"",""Damasonium"",""Damasonium alisma"",""---"",""Île-de-France (France)"",""2012"""
"630,""Kadedubi-001"",""Kadenia"",""Kadenia dubia"",""---"",""Hesse (Germany)"",""2000, 2001"""
"631,""Delpstap-001"",""Delphinium"",""Delphinium staphisagria"",""---"",""Occitanie (France)"",""2015"""
"632,""Dorygera-001"",""Dorycnopsis"",""Dorycnopsis gerardii"",""---"",""Occitanie (France)"",""2013"""
"633,""Dorygera-002"",""Dorycnopsis"",""Dorycnopsis gerardii"",""---"",""Occitanie (France)"",""2015"""
"634,""Drabmura-001"",""Draba"",""Draba muralis"",""---"",""Île-de-France (France)"",""2015"""
"635,""Drabmura-002"",""Draba"",""Draba muralis"",""---"",""Île-de-France (France)"",""2016"""
"636,""Drosangl-001"",""Drosera"",""Drosera anglica"",""---"",""Grand Est (France)"",""2004"""
"637,""Eleoacic-001"",""Eleocharis"",""Eleocharis acicularis"",""---"",""Seeland (Switzerland)"",""2001"""
"638,""Eleoacic-002"",""Eleocharis"",""Eleocharis acicularis"",""---"",""Seeland (Switzerland)"",""2001"""
"639,""Eleoovat-001"",""Eleocharis"",""Eleocharis ovata"",""---"",""Seeland (Switzerland)"",""2001"""
"640,""Equivari-001"",""Equisetum"",""Equisetum variegatum"",""---"",""Île-de-France (France)"",""2006"""
"642,""Erucsupi-001"",""Erucastrum"",""Erucastrum supinum"",""---"",""Île-de-France (France)"",""2011"""
"643,""Erucsupi-002"",""Erucastrum"",""Erucastrum supinum"",""---"",""Grand Est (France)"",""2009"""
"644,""Erucsupi-003"",""Erucastrum"",""Erucastrum supinum"",""---"",""Grand Est (France)"",""2009"""
"645,""Erucsupi-004"",""Erucastrum"",""Erucastrum supinum"",""---"",""Grand Est (France)"",""2009"""
"646,""Erucsupi-005"",""Erucastrum"",""Erucastrum supinum"",""---"",""Grand Est (France)"",""2009"""
"647,""Erucsupi-006"",""Erucastrum"",""Erucastrum supinum"",""---"",""Grand Est (France)"",""2009"""
"648,""Erucsupi-007"",""Erucastrum"",""Erucastrum supinum"",""---"",""Grand Est (France)"",""2009"""
"649,""Erucsupi-008"",""Erucastrum"",""Erucastrum supinum"",""---"",""Grand Est (France)"",""2009"""
"650,""Erucsupi-009"",""Erucastrum"",""Erucastrum supinum"",""---"",""Grand Est (France)"",""2009"""
"651,""Erucsupi-010"",""Erucastrum"",""Erucastrum supinum"",""---"",""Grand Est (France)"",""2009"""
"652,""Erucsupi-011"",""Erucastrum"",""Erucastrum supinum"",""---"",""Grand Est (France)"",""2009"""
"653,""Erucsupi-012"",""Erucastrum"",""Erucastrum supinum"",""---"",""Grand Est (France)"",""2009"""
"654,""Erucsupi-013"",""Erucastrum"",""Erucastrum supinum"",""---"",""Grand Est (France)"",""2009"""
"655,""Erucsupi-014"",""Erucastrum"",""Erucastrum supinum"",""---"",""Grand Est (France)"",""2009"""
"656,""Erucsupi-015"",""Erucastrum"",""Erucastrum supinum"",""---"",""Grand Est (France)"",""2009"""
"657,""Erucsupi-016"",""Erucastrum"",""Erucastrum supinum"",""---"",""Grand Est (France)"",""2016"""
"658,""Erucsupi-017"",""Erucastrum"",""Erucastrum supinum"",""---"",""Grand Est (France)"",""2016"""
"659,""Erucsupi-018"",""Erucastrum"",""Erucastrum supinum"",""---"",""Grand Est (France)"",""2009"""
"660,""Erucsupi-019"",""Erucastrum"",""Erucastrum supinum"",""---"",""Grand Est (France)"",""2009"""
"661,""Erucsupi-020"",""Erucastrum"",""Erucastrum supinum"",""---"",""Grand Est (France)"",""2009"""
"662,""Euphterr-001"",""Euphorbia"",""Euphorbia terracina"",""---"",""Occitanie (France)"",""2016, 2017"""
"663,""Erucsupi-021"",""Erucastrum"",""Erucastrum supinum"",""---"",""Grand Est (France)"",""2009"""
"664,""Erucsupi-022"",""Erucastrum"",""Erucastrum supinum"",""---"",""Grand Est (France)"",""2009"""
"665,""Erucsupi-023"",""Erucastrum"",""Erucastrum supinum"",""---"",""Grand Est (France)"",""2009"""
"666,""Erucsupi-024"",""Erucastrum"",""Erucastrum supinum"",""---"",""Grand Est (France)"",""2012"""
"667,""Erucsupi-025"",""Erucastrum"",""Erucastrum supinum"",""---"",""Grand Est (France)"",""2013"""
"668,""Erucsupi-026"",""Erucastrum"",""Erucastrum supinum"",""---"",""Grand Est (France)"",""2013"""
"669,""Erucsupi-027"",""Erucastrum"",""Erucastrum supinum"",""---"",""Grand Est (France)"",""2013"""
"670,""Erucsupi-028"",""Erucastrum"",""Erucastrum supinum"",""---"",""Grand Est (France)"",""2012"""
"671,""Erucsupi-029"",""Erucastrum"",""Erucastrum supinum"",""---"",""Grand Est (France)"",""2012"""
"672,""Erucsupi-030"",""Erucastrum"",""Erucastrum supinum"",""---"",""Grand Est (France)"",""2012"""
"673,""Erucsupi-031"",""Erucastrum"",""Erucastrum supinum"",""---"",""Grand Est (France)"",""2012"""
"680,""Logfgall-001"",""Logfia"",""Logfia gallica"",""---"",""England (United Kingdom)"",""1994"""
"681,""Gagegran-001"",""Gagea"",""Gagea granatellii"",""---"",""Occitanie (France)"",""2015"""
"682,""Gagelaca-001"",""Gagea"",""Gagea lacaitae"",""---"",""Occitanie (France)"",""2015"""
"683,""Galiveru-002"",""Galium"",""Galium verum"",""Galium verum subsp. wirtgenii"",""Hesse (Germany)"",""2000, 2001"""
"684,""Genitinc-002"",""Genista"",""Genista tinctoria"",""---"",""Hesse (Germany)"",""2000, 2001"""
"685,""Gentpneu-001"",""Gentiana"",""Gentiana pneumonanthe"",""---"",""Hesse (Germany)"",""2000, 2001"""
"686,""Genilini-001"",""Genista"",""Genista linifolia"",""---"",""Provence-Alpes-Côte d'Azur (France)"",""1995, 1996, 1998"""
"687,""Geumriva-001"",""Geum"",""Geum rivale"",""---"",""Île-de-France (France)"",""2016"""
"688,""Gladdubi-001"",""Gladiolus"",""Gladiolus dubius"",""---"",""Occitanie (France)"",""2015"""
"690,""Gratoffi-001"",""Gratiola"",""Gratiola officinalis"",""---"",""Seeland (Switzerland)"",""2001"""
"691,""Gratoffi-002"",""Gratiola"",""Gratiola officinalis"",""---"",""Seeland (Switzerland)"",""2001"""
"693,""Helisqua-001"",""Helianthemum"",""Helianthemum squamatum"",""---"",""Andalucía (Spain)"",""2009"""
"694,""Helisyri-001"",""Helianthemum"",""Helianthemum syriacum"",""---"",""Andalucía (Spain)"",""2009"""
"698,""Hottpalu-001"",""Hottonia"",""Hottonia palustris"",""---"",""Seeland (Switzerland)"",""2001"""
"699,""Hottpalu-002"",""Hottonia"",""Hottonia palustris"",""---"",""Seeland (Switzerland)"",""2001"""
"700,""Coinrupe-001"",""Coincya"",""Coincya rupestris"",""rupestris"",""Castilla-La Mancha (Spain)"",""1976"""
"701,""Coinrupe-002"",""Coincya"",""Coincya rupestris"",""rupestris"",""Castilla-La Mancha (Spain)"",""1976"""
"702,""Coinrupe-003"",""Coincya"",""Coincya rupestris"",""rupestris"",""Castilla-La Mancha (Spain)"",""1976"""
"703,""Coinrupe-004"",""Coincya"",""Coincya rupestris"",""rupestris"",""Castilla-La Mancha (Spain)"",""1973"""
"705,""Silehifa-001"",""Silene"",""Silene hifacensis"",""---"",""Comunitat Valenciana (Spain)"",""1992"""
"707,""Silehifa-002"",""Silene"",""Silene hifacensis"",""---"",""Comunitat Valenciana (Spain)"",""1999"""
"708,""Silehifa-003"",""Silene"",""Silene hifacensis"",""---"",""Comunitat Valenciana (Spain)"",""1993"""
"709,""Silehifa-004"",""Silene"",""Silene hifacensis"",""---"",""Comunitat Valenciana (Spain)"",""1996"""
"710,""Silehifa-005"",""Silene"",""Silene hifacensis"",""---"",""Comunitat Valenciana (Spain)"",""2009"""
"711,""Silehifa-006"",""Silene"",""Silene hifacensis"",""---"",""Comunitat Valenciana (Spain)"",""1975"""
"712,""Vellpseu-001"",""Vella"",""Vella pseudocytisus"",""---"",""Castilla-La Mancha (Spain)"",""1976"""
"713,""Vellpseu-002"",""Vella"",""Vella pseudocytisus"",""---"",""Comunidad de Madrid (Spain)"",""1976"""
"714,""Inulbrit-001"",""Inula"",""Inula britannica"",""---"",""Hesse (Germany)"",""2000, 2001"""
"715,""Inulsali-001"",""Inula"",""Inula salicina"",""---"",""Hesse (Germany)"",""2000, 2001"""
"717,""Irissibi-001"",""Iris"",""Iris sibirica"",""---"",""Seeland (Switzerland)"",""2001"""
"718,""Ludwpalu-001"",""Ludwigia"",""Ludwigia palustris"",""---"",""Seeland (Switzerland)"",""2001"""
"719,""Ludwpalu-002"",""Ludwigia"",""Ludwigia palustris"",""---"",""Seeland (Switzerland)"",""2001"""
"720,""Lysithyr-001"",""Lysimachia"",""Lysimachia thyrsiflora"",""---"",""Seeland (Switzerland)"",""2001"""
"721,""Marsquad-001"",""Marsilea"",""Marsilea quadrifolia"",""---"",""Seeland (Switzerland)"",""2001"""
"722,""Marsquad-002"",""Marsilea"",""Marsilea quadrifolia"",""---"",""Seeland (Switzerland)"",""2001"""
"723,""Oenafist-001"",""Oenanthe"",""Oenanthe fistulosa"",""---"",""Seeland (Switzerland)"",""2001"""
"724,""Oenafist-002"",""Oenanthe"",""Oenanthe fistulosa"",""---"",""Seeland (Switzerland)"",""2001"""
"725,""Oenafist-003"",""Oenanthe"",""Oenanthe fistulosa"",""---"",""Seeland (Switzerland)"",""2001"""
"726,""Oenalach-001"",""Oenanthe"",""Oenanthe lachenalii"",""---"",""Seeland (Switzerland)"",""2001"""
"727,""Oenalach-002"",""Oenanthe"",""Oenanthe lachenalii"",""---"",""Seeland (Switzerland)"",""2001"""
"728,""Oenalach-003"",""Oenanthe"",""Oenanthe lachenalii"",""---"",""Seeland (Switzerland)"",""2001"""
"729,""Piluglob-001"",""Pilularia"",""Pilularia globulifera"",""---"",""Seeland (Switzerland)"",""2001"""
"730,""Piluglob-002"",""Pilularia"",""Pilularia globulifera"",""---"",""Seeland (Switzerland)"",""2001"""
"731,""Piluglob-003"",""Pilularia"",""Pilularia globulifera"",""---"",""Seeland (Switzerland)"",""2001"""
"732,""Piluglob-004"",""Pilularia"",""Pilularia globulifera"",""---"",""Seeland (Switzerland)"",""2001"""
"733,""Ranuling-001"",""Ranunculus"",""Ranunculus lingua"",""---"",""Seeland (Switzerland)"",""2001"""
"734,""Ranuling-002"",""Ranunculus"",""Ranunculus lingua"",""---"",""Seeland (Switzerland)"",""2001"""
"735,""Siumlati-001"",""Sium"",""Sium latifolium"",""---"",""Seeland (Switzerland)"",""2001"""
"736,""Siumlati-002"",""Sium"",""Sium latifolium"",""---"",""Seeland (Switzerland)"",""2001"""
"737,""Siumlati-003"",""Sium"",""Sium latifolium"",""---"",""Seeland (Switzerland)"",""2001"""
"738,""Sparemer-001"",""Sparganium"",""Sparganium emersum"",""---"",""Seeland (Switzerland)"",""2001"""
"739,""Violelat-001"",""Viola"",""Viola elatior"",""---"",""Seeland (Switzerland)"",""2001"""
"740,""Violelat-002"",""Viola"",""Viola elatior"",""---"",""Seeland (Switzerland)"",""2001"""
"741,""Violelat-003"",""Viola"",""Viola elatior"",""---"",""Seeland (Switzerland)"",""2001"""
"749,""Irisxiph-001"",""Iris"",""Iris xiphium"",""---"",""Occitanie (France)"",""2012"""
"750,""Irisxiph-002"",""Iris"",""Iris xiphium"",""---"",""Occitanie (France)"",""2012"""
"751,""Irisxiph-003"",""Iris"",""Iris xiphium"",""---"",""Occitanie (France)"",""2012"""
"752,""Lepisubu-001"",""Lepidium"",""Lepidium subulatum"",""---"",""Andalucía (Spain)"",""2009"""
"753,""Leucaest-001"",""Leucojum"",""Leucojum aestivum"",""---"",""Emilia-Romagna (Italy)"",""2003"""
"754,""Leucaest-002"",""Leucojum"",""Leucojum aestivum"",""---"",""Emilia-Romagna (Italy)"",""2003"""
"755,""Luronata-001"",""Luronium"",""Luronium natans"",""---"",""Bretagne (France)"",""2013"""
"759,""Marsquad-003"",""Marsilea"",""Marsilea quadrifolia"",""---"",""Catalonia (Spain)"",""1999"""
"760,""Mediarbo-001"",""Medicago"",""Medicago arborea"",""---"",""Comunitat Valenciana (Spain)"",""1988"""
"761,""Melaprat-001"",""Melampyrum"",""Melampyrum pratense"",""---"",""England (United Kingdom)"",""1985"""
"762,""Melasylv-001"",""Melampyrum"",""Melampyrum sylvaticum"",""---"",""Scotland (United Kingdom)"",""2005"""
"763,""Melasylv-002"",""Melampyrum"",""Melampyrum sylvaticum"",""---"",""Scotland (United Kingdom)"",""2005"""
"764,""Melasylv-003"",""Melampyrum"",""Melampyrum sylvaticum"",""---"",""Scotland (United Kingdom)"",""2005"""
"765,""Melasylv-004"",""Melampyrum"",""Melampyrum sylvaticum"",""---"",""Scotland (United Kingdom)"",""2005"""
"766,""Melasylv-005"",""Melampyrum"",""Melampyrum sylvaticum"",""---"",""Scotland (United Kingdom)"",""2005"""
"767,""Melasylv-006"",""Melampyrum"",""Melampyrum sylvaticum"",""---"",""Scotland (United Kingdom)"",""2006"""
"769,""Narcasso-001"",""Narcissus"",""Narcissus assoanus"",""---"",""Occitanie (France)"",""2006"""
"770,""Narcasso-002"",""Narcissus"",""Narcissus assoanus"",""---"",""Occitanie (France)"",""2006"""
"771,""Narcasso-003"",""Narcissus"",""Narcissus assoanus"",""---"",""Occitanie (France)"",""2006"""
"772,""Narcasso-004"",""Narcissus"",""Narcissus assoanus"",""---"",""Occitanie (France)"",""2006"""
"773,""Narcasso-005"",""Narcissus"",""Narcissus assoanus"",""---"",""Occitanie (France)"",""2006"""
"774,""Narcasso-006"",""Narcissus"",""Narcissus assoanus"",""---"",""Occitanie (France)"",""2006"""
"775,""Narcasso-007"",""Narcissus"",""Narcissus assoanus"",""---"",""Occitanie (France)"",""2006"""
"776,""Narcasso-008"",""Narcissus"",""Narcissus assoanus"",""---"",""Occitanie (France)"",""2006"""
"777,""Narcasso-009"",""Narcissus"",""Narcissus assoanus"",""---"",""Occitanie (France)"",""2006"""
"778,""Narcasso-010"",""Narcissus"",""Narcissus assoanus"",""---"",""Occitanie (France)"",""2006"""
"779,""Narcasso-011"",""Narcissus"",""Narcissus assoanus"",""---"",""Occitanie (France)"",""2004"""
"780,""Narcasso-012"",""Narcissus"",""Narcissus assoanus"",""---"",""Occitanie (France)"",""2004"""
"781,""Narcasso-013"",""Narcissus"",""Narcissus assoanus"",""---"",""Occitanie (France)"",""2004"""
"782,""Narcasso-014"",""Narcissus"",""Narcissus assoanus"",""---"",""Occitanie (France)"",""2004"""
"783,""Narcasso-015"",""Narcissus"",""Narcissus assoanus"",""---"",""Occitanie (France)"",""2004"""
"784,""Neotustu-001"",""Neotinea"",""Neotinea ustulata"",""---"",""Centre-Val de Loire (France)"",""2005"""
"793,""Junicomm-001"",""Juniperus"",""Juniperus communis"",""Juniperus communis communis"",""Scotland (United Kingdom)"",""2008"""
"794,""Garinige-001"",""Garidella"",""Garidella nigellastrum"",""---"",""Provence-Alpes-Côte d'Azur (France)"",""2011"""
"795,""Garinige-002"",""Garidella"",""Garidella nigellastrum"",""---"",""Provence-Alpes-Côte d'Azur (France)"",""2011"""
"796,""Garinige-003"",""Garidella"",""Garidella nigellastrum"",""---"",""Provence-Alpes-Côte d'Azur (France)"",""2011"""
"797,""Garinige-004"",""Garidella"",""Garidella nigellastrum"",""---"",""Provence-Alpes-Côte d'Azur (France)"",""2011"""
"798,""Ophrsphe-001"",""Ophrys"",""Ophrys sphegodes"",""Ophrys sphegodes araneola"",""Centre-Val de Loire (France)"",""2005"""
"799,""Orchmili-001"",""Orchis"",""Orchis militaris"",""---"",""Centre-Val de Loire (France)"",""2006"""
"800,""Ranugram-001"",""Ranunculus"",""Ranunculus gramineus"",""---"",""Centre-Val de Loire (France)"",""2006"""
"801,""Paeooffi-001"",""Paeonia"",""Paeonia officinalis"",""Paeonia officinalis microcarpa"",""Occitanie (France)"",""2006"""
"802,""Paeooffi-002"",""Paeonia"",""Paeonia officinalis"",""Paeonia officinalis microcarpa"",""Occitanie (France)"",""2006"""
"804,""Posiocea-002"",""Posidonia"",""Posidonia oceanica"",""---"",""Occitanie (France)"",""2013"""
"805,""Posiocea-003"",""Posidonia"",""Posidonia oceanica"",""---"",""Occitanie (France)"",""2013"""
"806,""Posiocea-004"",""Posidonia"",""Posidonia oceanica"",""---"",""Occitanie (France)"",""2014"""
"807,""Posiocea-005"",""Posidonia"",""Posidonia oceanica"",""---"",""Occitanie (France)"",""2014"""
"808,""Potesupi-001"",""Potentilla"",""Potentilla supina"",""---"",""Île-de-France (France)"",""2013"""
"809,""Ranuhede-001"",""Ranunculus"",""Ranunculus hederaceus"",""---"",""Bourgogne-Franche-Comté (France)"",""2014"""
"810,""Ranuhede-002"",""Ranunculus"",""Ranunculus hederaceus"",""---"",""Bourgogne-Franche-Comté (France)"",""2014"""
"811,""Rosagall-001"",""Rosa"",""Rosa gallica"",""---"",""Occitanie (France)"",""2015, 2016"""
"812,""Scilhyac-001"",""Scilla"",""Scilla hyacinthoides"",""---"",""Occitanie (France)"",""2015, 2016"""
"813,""Spirspir-001"",""Spiranthes"",""Spiranthes spiralis"",""---"",""Île-de-France (France)"",""2002"""
"814,""Stipcape-001"",""Stipellula"",""Stipellula capensis"",""---"",""Provence-Alpes-Côte d'Azur (France)"",""2012"""
"815,""Stipcape-002"",""Stipellula"",""Stipellula capensis"",""---"",""Provence-Alpes-Côte d'Azur (France)"",""2012"""
"816,""Tuliagen-001"",""Tulipa"",""Tulipa agenensis"",""---"",""Occitanie (France)"",""2015, 2016"""
"817,""Onontrid-001"",""Ononis"",""Ononis tridentata"",""---"",""Andalucía (Spain)"",""2009"""
"818,""Stiptena-001"",""Stipa"",""Stipa tenacissima"",""---"",""Andalucía (Spain)"",""2009"""
"819,""Rosmoffi-001"",""Rosmarinus"",""Rosmarinus officinalis"",""---"",""Andalucía (Spain)"",""2009"""
"820,""Thymzygi-001"",""Thymus"",""Thymus zygis"",""Thymus zygis gracilis"",""Andalucía (Spain)"",""2009"""
"821,""Violpumi-001"",""Viola"",""Viola pumila"",""---"",""Emilia-Romagna (Italy)"",""2004"""
"822,""Silehice-001"",""Silene"",""Silene hicesiae"",""---"",""Sicilia (Italy)"",""2003"""
"823,""Diansupe-001"",""Dianthus"",""Dianthus superbus"",""---"",""Grand Est (France)"",""2007"""
"825,""Pingvulg-001"",""Pinguicula"",""Pinguicula vulgaris"",""---"",""Grand Est (France)"",""2000, 2003"""
"826,""Pingvulg-002"",""Pinguicula"",""Pinguicula vulgaris"",""---"",""Grand Est (France)"",""1999, 2000, 2003"""
"830,""Veropros-001"",""Veronica"",""Veronica prostrata"",""---"",""Grand Est (France)"",""2004"""
"831,""Filapyra-001"",""Filago"",""Filago pyramidata"",""---"",""Grand Est (France)"",""2003, 2004"""
"833,""Hypomacu-001"",""Hypochaeris"",""Hypochaeris maculata"",""---"",""Grand Est (France)"",""2003"""
"834,""Campcerv-001"",""Campanula"",""Campanula cervicaria"",""---"",""Grand Est (France)"",""1995"""
"835,""Andrcarn-001"",""Androsace"",""Androsace carnea"",""---"",""Grand Est (France)"",""1996, 1998"""
"837,""Potecran-001"",""Potentilla"",""Potentilla crantzii"",""---"",""Grand Est (France)"",""1998"""
"838,""Troleuro-001"",""Trollius"",""Trollius europaeus"",""Trollius europaeus europaeus"",""Grand Est (France)"",""1998"""
"839,""Agrieupa-002"",""Agrimonia"",""Agrimonia eupatoria"",""---"",""Hesse (Germany)"",""2000, 2001"""
"840,""Diansupe-002"",""Dianthus"",""Dianthus superbus"",""---"",""Grand Est (France)"",""2013"""
"841,""Diansupe-003"",""Dianthus"",""Dianthus superbus"",""---"",""Grand Est (France)"",""2015"""
"842,""Gentlute-001"",""Gentiana"",""Gentiana lutea"",""Gentiana lutea lutea"",""Sardegna (Italy)"",""1994, 1995"""
"843,""Alliangu-002"",""Allium"",""Allium angulosum"",""---"",""Hesse (Germany)"",""2000, 2001"""
"844,""Aspaoffi-001"",""Asparagus"",""Asparagus officinalis"",""---"",""Hesse (Germany)"",""2000, 2001"""
"845,""Bracpinn-001"",""Brachypodium"",""Brachypodium pinnatum"",""---"",""Hesse (Germany)"",""2000, 2001"""
"846,""Brominer-001"",""Bromus"",""Bromus inermis"",""---"",""Hesse (Germany)"",""2000, 2001"""
"849,""Astralop-001"",""Astragalus"",""Astragalus alopecurus"",""---"",""Corse (France)"",""2016, 2018, 2020"""
"855,""Myosmini-002"",""Myosurus"",""Myosurus minimus"",""---"",""Islas Baleares (Spain)"",""2016"""
"859,""Genimons-001"",""Genista"",""Genista monspessulana"",""---"",""Provence-Alpes-Côte d'Azur (France)"",""1995"""
"860,""Cytivill-001"",""Cytisus"",""Cytisus villosus"",""---"",""Provence-Alpes-Côte d'Azur (France)"",""1996"""
"861,""Leucaest-003"",""Leucojum"",""Leucojum aestivum"",""---"",""Provence-Alpes-Côte d'Azur (France)"",""2005"""
"862,""Tuliagen-002"",""Tulipa"",""Tulipa agenensis"",""---"",""Provence-Alpes-Côte d'Azur (France)"",""2007"""
"863,""Viteagnu-002"",""Vitex"",""Vitex agnus-castus"",""---"",""Provence-Alpes-Côte d'Azur (France)"",""2008"""
"864,""Ammoaren-001"",""Ammophila"",""Ammophila arenaria"",""---"",""Provence-Alpes-Côte d'Azur (France)"",""2009"""
"865,""Ammoaren-002"",""Ammophila"",""Ammophila arenaria"",""---"",""Provence-Alpes-Côte d'Azur (France)"",""2009"""
"866,""Genilini-002"",""Genista"",""Genista linifolia"",""---"",""Provence-Alpes-Côte d'Azur (France)"",""2009"""
"867,""Genilini-003"",""Genista"",""Genista linifolia"",""---"",""Provence-Alpes-Côte d'Azur (France)"",""2009"""
"868,""Pancmari-002"",""Pancratium"",""Pancratium maritimum"",""---"",""Provence-Alpes-Côte d'Azur (France)"",""2009"""
"869,""Pancmari-003"",""Pancratium"",""Pancratium maritimum"",""---"",""Provence-Alpes-Côte d'Azur (France)"",""2009"""
"870,""Erynmari-001"",""Eryngium"",""Eryngium maritimum"",""---"",""Provence-Alpes-Côte d'Azur (France)"",""2011"""
"871,""Tamagall-001"",""Tamarix"",""Tamarix gallica"",""---"",""Provence-Alpes-Côte d'Azur (France)"",""2009"""
"872,""Tamagall-002"",""Tamarix"",""Tamarix gallica"",""---"",""Provence-Alpes-Côte d'Azur (France)"",""2009"""
"873,""Echispin-001"",""Echinophora"",""Echinophora spinosa"",""---"",""Provence-Alpes-Côte d'Azur (France)"",""2009"""
"874,""Brasmont-001"",""Brassica"",""Brassica montana"",""---"",""Provence-Alpes-Côte d'Azur (France)"",""2010, 2011, 2012, 2013"""
"876,""Sileviri-001"",""Silene"",""Silene viridiflora"",""---"",""Occitanie (France)"",""2016"""
"877,""Carepseu-002"",""Carex"",""Carex pseudocyperus"",""---"",""Provence-Alpes-Côte d'Azur (France)"",""2017"""
"878,""Carepunc-001"",""Carex"",""Carex punctata"",""---"",""Provence-Alpes-Côte d'Azur (France)"",""2015"""
"879,""Rosagall-002"",""Rosa"",""Rosa gallica"",""---"",""Provence-Alpes-Côte d'Azur (France)"",""2015"""
"880,""Alcebien-001"",""Alcea"",""Alcea biennis"",""---"",""Provence-Alpes-Côte d'Azur (France)"",""2015"""
"881,""Allicham-002"",""Allium"",""Allium chamaemoly"",""---"",""Provence-Alpes-Côte d'Azur (France)"",""2016"""
"882,""Phalaqua-001"",""Phalaris"",""Phalaris aquatica"",""---"",""Provence-Alpes-Côte d'Azur (France)"",""2015"""
"883,""Leucaest-004"",""Leucojum"",""Leucojum aestivum"",""---"",""Occitanie (France)"",""2018"""
"884,""Brasmont-002"",""Brassica"",""Brassica montana"",""---"",""Provence-Alpes-Côte d'Azur (France)"",""2017"""
"885,""Leucaest-005"",""Leucojum"",""Leucojum aestivum"",""---"",""Occitanie (France)"",""2018"""
"886,""Typhmini-001"",""Typha"",""Typha minima"",""---"",""Occitanie (France)"",""2018"""
"887,""Alcebien-002"",""Alcea"",""Alcea biennis"",""---"",""Provence-Alpes-Côte d'Azur (France)"",""2018"""
"888,""Plansubu-001"",""Plantago"",""Plantago subulata"",""---"",""Provence-Alpes-Côte d'Azur (France)"",""2018"""
"889,""Plansubu-002"",""Plantago"",""Plantago subulata"",""---"",""Provence-Alpes-Côte d'Azur (France)"",""2018"""
"890,""Plansubu-003"",""Plantago"",""Plantago subulata"",""---"",""Provence-Alpes-Côte d'Azur (France)"",""2018"""
"891,""Genilini-004"",""Genista"",""Genista linifolia"",""---"",""Provence-Alpes-Côte d'Azur (France)"",""1994"""
"892,""Euphdend-001"",""Euphorbia"",""Euphorbia dendroides"",""---"",""Provence-Alpes-Côte d'Azur (France)"",""1996"""
"893,""Anthbarb-002"",""Anthyllis"",""Anthyllis barba-jovis"",""---"",""Provence-Alpes-Côte d'Azur (France)"",""1997"""
"894,""Chamhumi-001"",""Chamaerops"",""Chamaerops humilis"",""---"",""Provence-Alpes-Côte d'Azur (France)"",""1997"""
"895,""Cerasili-001"",""Ceratonia"",""Ceratonia siliqua"",""---"",""Provence-Alpes-Côte d'Azur (France)"",""1997"""
"896,""Viteagnu-003"",""Vitex"",""Vitex agnus-castus"",""---"",""Provence-Alpes-Côte d'Azur (France)"",""1997"""
"897,""Genilini-005"",""Genista"",""Genista linifolia"",""---"",""Provence-Alpes-Côte d'Azur (France)"",""1998"""
"898,""Anthbarb-003"",""Anthyllis"",""Anthyllis barba-jovis"",""---"",""Provence-Alpes-Côte d'Azur (France)"",""1998"""
"899,""Artearbo-001"",""Artemisia"",""Artemisia arborescens"",""---"",""Provence-Alpes-Côte d'Azur (France)"",""1998"""
"901,""Limbcrit-001"",""Limbarda"",""Limbarda crithmoides"",""---"",""Provence-Alpes-Côte d'Azur (France)"",""1998"""
"902,""Malvarbo-001"",""Malva"",""Malva arborea"",""---"",""Provence-Alpes-Côte d'Azur (France)"",""1998"""
"903,""Lotucyti-001"",""Lotus"",""Lotus cytisoides"",""---"",""Provence-Alpes-Côte d'Azur (France)"",""1998"""
"904,""Mattinca-001"",""Matthiola"",""Matthiola incana"",""---"",""Provence-Alpes-Côte d'Azur (France)"",""1998"""
"905,""Jacomari-001"",""Jacobaea"",""Jacobaea maritima"",""---"",""Provence-Alpes-Côte d'Azur (France)"",""1998"""
"906,""Tamagall-003"",""Tamarix"",""Tamarix gallica"",""---"",""Provence-Alpes-Côte d'Azur (France)"",""1998"""
"907,""Tamagall-004"",""Tamarix"",""Tamarix gallica"",""---"",""Provence-Alpes-Côte d'Azur (France)"",""1999"""
"908,""Artearbo-002"",""Artemisia"",""Artemisia arborescens"",""---"",""Provence-Alpes-Côte d'Azur (France)"",""2000"""
"909,""Doryhirs-001"",""Dorycnium"",""Dorycnium hirsutum"",""---"",""Provence-Alpes-Côte d'Azur (France)"",""2000"""
"910,""Hypeperf-001"",""Hypericum"",""Hypericum perforatum"",""---"",""Provence-Alpes-Côte d'Azur (France)"",""2000"""
"911,""Loniimpl-001"",""Lonicera"",""Lonicera implexa"",""---"",""Provence-Alpes-Côte d'Azur (France)"",""2000"""
"912,""Lotucyti-002"",""Lotus"",""Lotus cytisoides"",""---"",""Provence-Alpes-Côte d'Azur (France)"",""2000"""
"913,""Mattinca-002"",""Matthiola"",""Matthiola incana"",""---"",""Provence-Alpes-Côte d'Azur (France)"",""2000"""
"914,""Jacomari-002"",""Jacobaea"",""Jacobaea maritima"",""---"",""Provence-Alpes-Côte d'Azur (France)"",""2000"""
"915,""Smilaspe-001"",""Smilax"",""Smilax aspera"",""---"",""Provence-Alpes-Côte d'Azur (France)"",""2000"""
"916,""Juncacut-001"",""Juncus"",""Juncus acutus"",""---"",""Provence-Alpes-Côte d'Azur (France)"",""2000"""
"917,""Viteagnu-004"",""Vitex"",""Vitex agnus-castus"",""---"",""Provence-Alpes-Côte d'Azur (France)"",""2000"""
"923,""Genilini-007"",""Genista"",""Genista linifolia"",""---"",""Provence-Alpes-Côte d'Azur (France)"",""1995"""
"924,""Anthbarb-004"",""Anthyllis"",""Anthyllis barba-jovis"",""---"",""Provence-Alpes-Côte d'Azur (France)"",""1995"""
"925,""Anthbarb-005"",""Anthyllis"",""Anthyllis barba-jovis"",""---"",""Provence-Alpes-Côte d'Azur (France)"",""1995"""
"926,""Genimons-002"",""Genista"",""Genista monspessulana"",""---"",""Provence-Alpes-Côte d'Azur (France)"",""1995"""
"927,""Cytivill-002"",""Cytisus"",""Cytisus villosus"",""---"",""Provence-Alpes-Côte d'Azur (France)"",""1995"""
"928,""Cytivill-003"",""Cytisus"",""Cytisus villosus"",""---"",""Provence-Alpes-Côte d'Azur (France)"",""1995"""
"929,""Cytivill-004"",""Cytisus"",""Cytisus villosus"",""---"",""Provence-Alpes-Côte d'Azur (France)"",""1995"""
"930,""Leucaest-006"",""Leucojum"",""Leucojum aestivum"",""---"",""Occitanie (France)"",""2018"""
"931,""Leucaest-007"",""Leucojum"",""Leucojum aestivum"",""---"",""Occitanie (France)"",""2018"""
"932,""Leucaest-008"",""Leucojum"",""Leucojum aestivum"",""---"",""Occitanie (France)"",""2018"""
"933,""Euphdend-002"",""Euphorbia"",""Euphorbia dendroides"",""---"",""Provence-Alpes-Côte d'Azur (France)"",""1996"""
"934,""Euphdend-003"",""Euphorbia"",""Euphorbia dendroides"",""---"",""Provence-Alpes-Côte d'Azur (France)"",""1996"""
"935,""Laurnobi-001"",""Laurus"",""Laurus nobilis"",""---"",""Provence-Alpes-Côte d'Azur (France)"",""1998"""
"936,""Alcebien-003"",""Alcea"",""Alcea biennis"",""---"",""Provence-Alpes-Côte d'Azur (France)"",""2015"""
"937,""Alcebien-004"",""Alcea"",""Alcea biennis"",""---"",""Provence-Alpes-Côte d'Azur (France)"",""2015"""
"938,""Silevelu-002"",""Silene"",""Silene velutina"",""---"",""Corse (France)"",""2017"""
"939,""Ranusylv-001"",""Ranunculus"",""Ranunculus sylviae"",""---"",""Corse (France)"",""2017"""
"940,""Linumari-001"",""Linum"",""Linum maritimum"",""---"",""Islas Baleares (Spain)"",""2017"""
"942,""Phalaqua-002"",""Phalaris"",""Phalaris aquatica"",""---"",""Provence-Alpes-Côte d'Azur (France)"",""2016"""
"943,""Centtrin-001"",""Centranthus"",""Centranthus trinervis"",""---"",""Corse (France)"",""2017"""
"945,""Phalaqua-003"",""Phalaris"",""Phalaris aquatica"",""---"",""Provence-Alpes-Côte d'Azur (France)"",""2017"""
"946,""Urtirupe-001"",""Urtica"",""Urtica rupestris"",""---"",""Sicilia (Italy)"",""2017"""
"947,""Genilini-008"",""Genista"",""Genista linifolia"",""---"",""Provence-Alpes-Côte d'Azur (France)"",""1998"""
"948,""Urtirupe-002"",""Urtica"",""Urtica rupestris"",""---"",""Sicilia (Italy)"",""2017"""
"949,""Anchcris-009"",""Anchusa"",""Anchusa crispa"",""---"",""Corse (France)"",""2017"""
"950,""Anchcris-010"",""Anchusa"",""Anchusa crispa"",""---"",""Corse (France)"",""2017, 2018"""
"951,""Kostpent-002"",""Kosteletzkya"",""Kosteletzkya pentacarpos"",""---"",""Corse (France)"",""2017"""
"954,""Diansicu-003"",""Dianthus"",""Dianthus siculus"",""Dianthus siculus morisianus"",""Sardegna (Italy)"",""2017"""
"955,""Astrgenn-001"",""Astragalus"",""Astragalus gennarii"",""---"",""Sardegna (Italy)"",""2018"""
"958,""Senemori-001"",""Senecio"",""Senecio morisii"",""---"",""Sardegna (Italy)"",""2017"""
"959,""Ononzsch-001"",""Ononis"",""Ononis zschackei"",""---"",""Islas Baleares (Spain)"",""2017"""
"960,""Rhampers-001"",""Rhamnus"",""Rhamnus persicifolia"",""---"",""Sardegna (Italy)"",""2018"""
"961,""Crammari-001"",""Crambe"",""Crambe maritima"",""---"",""Normandie (France)"",""2005"""
"962,""Orobpicr-001"",""Orobanche"",""Orobanche picridis"",""---"",""Normandie (France)"",""2003, 2004"""
"964,""Pulivulg-001"",""Pulicaria"",""Pulicaria vulgaris"",""---"",""Hauts-de-France (France)"",""2018"""
"965,""Pulivulg-002"",""Pulicaria"",""Pulicaria vulgaris"",""---"",""Hauts-de-France (France)"",""2018"""
"966,""Genipilo-001"",""Genista"",""Genista pilosa"",""---"",""Hauts-de-France (France)"",""2012"""
"967,""Trifmont-002"",""Trifolium"",""Trifolium montanum"",""---"",""Hauts-de-France (France)"",""2010"""
"969,""Polymaju-001"",""Polycnemum"",""Polycnemum majus"",""---"",""Hauts-de-France (France)"",""2010"""
"970,""Anemsylv-001"",""Anemone"",""Anemone sylvestris"",""---"",""Hauts-de-France (France)"",""2010"""
"971,""Anemsylv-002"",""Anemone"",""Anemone sylvestris"",""---"",""Hauts-de-France (France)"",""2010"""
"972,""Linasupi-001"",""Linaria"",""Linaria supina"",""---"",""Hauts-de-France (France)"",""2014"""
"973,""Atriglab-001"",""Atriplex"",""Atriplex glabriuscula"",""---"",""Hauts-de-France (France)"",""2014"""
"974,""Atrilaci-001"",""Atriplex"",""Atriplex laciniata"",""---"",""Hauts-de-France (France)"",""2014"""
"976,""Ophrapif-001"",""Ophrys"",""Ophrys apifera"",""---"",""Hauts-de-France (France)"",""2013"""
"977,""Erynmari-002"",""Eryngium"",""Eryngium maritimum"",""---"",""Hauts-de-France (France)"",""2011"""
"978,""Saginodo-001"",""Sagina"",""Sagina nodosa"",""---"",""Hauts-de-France (France)"",""2016"""
"982,""Cicuviro-002"",""Cicuta"",""Cicuta virosa"",""---"",""Hauts-de-France (France)"",""2016"""
"983,""Cicuviro-003"",""Cicuta"",""Cicuta virosa"",""---"",""Hauts-de-France (France)"",""2016"""
"984,""Cicuviro-004"",""Cicuta"",""Cicuta virosa"",""---"",""Hauts-de-France (France)"",""2016"""
"986,""Helorepe-004"",""Helosciadium"",""Helosciadium repens"",""---"",""Hauts-de-France (France)"",""2017"""
"987,""Diancart-002"",""Dianthus"",""Dianthus carthusianorum"",""---"",""Hauts-de-France (France)"",""2016"""
"988,""Diancart-003"",""Dianthus"",""Dianthus carthusianorum"",""---"",""Hauts-de-France (France)"",""2017"""
"989,""Galidebi-001"",""Galium"",""Galium debile"",""---"",""Hauts-de-France (France)"",""2018"""
"990,""Hypemont-001"",""Hypericum"",""Hypericum montanum"",""---"",""Hauts-de-France (France)"",""2018"""
"991,""Fritmele-001"",""Fritillaria"",""Fritillaria meleagris"",""---"",""Hauts-de-France (France)"",""2016, 2018"""
"992,""Cirsdiss-002"",""Cirsium"",""Cirsium dissectum"",""---"",""Hauts-de-France (France)"",""2017"""
"993,""Juncsqua-001"",""Juncus"",""Juncus squarrosus"",""---"",""Hauts-de-France (France)"",""2017"""
"994,""Hypeelod-001"",""Hypericum"",""Hypericum elodes"",""---"",""Hauts-de-France (France)"",""2017"""
"996,""Saxihirc-001"",""Saxifraga"",""Saxifraga hirculus"",""---"",""Bourgogne-Franche-Comté (France)"",""2017"""
"997,""Saxihirc-002"",""Saxifraga"",""Saxifraga hirculus"",""---"",""Bourgogne-Franche-Comté (France)"",""2017"""
"998,""Saxihirc-003"",""Saxifraga"",""Saxifraga hirculus"",""---"",""Scotland (United Kingdom)"",""1996"""
"999,""Saxihirc-004"",""Saxifraga"",""Saxifraga hirculus"",""---"",""Scotland (United Kingdom)"",""2000"""
"1000,""Violhisp-001"",""Viola"",""Viola hispida"",""---"",""Normandie (France)"",""2012, 2016"""
"1001,""Violhisp-002"",""Viola"",""Viola hispida"",""---"",""Normandie (France)"",""2011"""
"1002,""Violhisp-003"",""Viola"",""Viola hispida"",""---"",""Normandie (France)"",""2012"""
"1003,""Violhisp-004"",""Viola"",""Viola hispida"",""---"",""Normandie (France)"",""2009"""
"1004,""Violhisp-005"",""Viola"",""Viola hispida"",""---"",""Normandie (France)"",""2010, 2011"""
"1005,""Violhisp-006"",""Viola"",""Viola hispida"",""---"",""Normandie (France)"",""2009, 2016"""
"1006,""Violhisp-007"",""Viola"",""Viola hispida"",""---"",""Normandie (France)"",""2012"""
"1007,""Violhisp-008"",""Viola"",""Viola hispida"",""---"",""Normandie (France)"",""2011"""
"1008,""Violhisp-009"",""Viola"",""Viola hispida"",""---"",""Normandie (France)"",""2011"""
"1009,""Violhisp-010"",""Viola"",""Viola hispida"",""---"",""Normandie (France)"",""2011"""
"1010,""Violhisp-011"",""Viola"",""Viola hispida"",""---"",""Normandie (France)"",""2011"""
"1011,""Violhisp-012"",""Viola"",""Viola hispida"",""---"",""Normandie (France)"",""2011"""
"1012,""Biscneus-001"",""Biscutella"",""Biscutella neustriaca"",""---"",""Normandie (France)"",""2010"""
"1013,""Biscneus-002"",""Biscutella"",""Biscutella neustriaca"",""---"",""Normandie (France)"",""2008"""
"1014,""Biscneus-003"",""Biscutella"",""Biscutella neustriaca"",""---"",""Normandie (France)"",""2011"""
"1015,""Biscneus-004"",""Biscutella"",""Biscutella neustriaca"",""---"",""Normandie (France)"",""2009, 2010, 2011"""
"1016,""Biscneus-005"",""Biscutella"",""Biscutella neustriaca"",""---"",""Normandie (France)"",""2012"""
"1017,""Biscneus-006"",""Biscutella"",""Biscutella neustriaca"",""---"",""Normandie (France)"",""2009, 2010, 2011"""
"1018,""Biscneus-007"",""Biscutella"",""Biscutella neustriaca"",""---"",""Normandie (France)"",""2011"""
"1019,""Gladpalu-001"",""Gladiolus"",""Gladiolus palustris"",""---"",""Auvergne-Rhône-Alpes (France)"",""2005"""
"1020,""Gladpalu-002"",""Gladiolus"",""Gladiolus palustris"",""---"",""Auvergne-Rhône-Alpes (France)"",""2006"""
"1021,""Diansupe-004"",""Dianthus"",""Dianthus superbus"",""---"",""Auvergne-Rhône-Alpes (France)"",""2015"""
"1022,""Festbrei-001"",""Festuca"",""Festuca breistrofferi"",""---"",""Provence-Alpes-Côte d'Azur (France)"",""2001, 2002"""
"1023,""Primpede-001"",""Primula"",""Primula pedemontana"",""---"",""Auvergne-Rhône-Alpes (France)"",""2011"""
"1024,""Primpede-002"",""Primula"",""Primula pedemontana"",""---"",""Auvergne-Rhône-Alpes (France)"",""2015, 2018"""
"1025,""Tulisylv-001"",""Tulipa"",""Tulipa sylvestris"",""---"",""Auvergne-Rhône-Alpes (France)"",""2009"""
"1026,""Tulisylv-002"",""Tulipa"",""Tulipa sylvestris"",""---"",""Auvergne-Rhône-Alpes (France)"",""2009"""
"1027,""Tulisylv-003"",""Tulipa"",""Tulipa sylvestris"",""---"",""Auvergne-Rhône-Alpes (France)"",""2007"""
"1028,""Tulisylv-004"",""Tulipa"",""Tulipa sylvestris"",""---"",""Auvergne-Rhône-Alpes (France)"",""2007"""
"1029,""Tulisylv-005"",""Tulipa"",""Tulipa sylvestris"",""---"",""Auvergne-Rhône-Alpes (France)"",""2012"""
"1030,""Tulisylv-006"",""Tulipa"",""Tulipa sylvestris"",""---"",""Provence-Alpes-Côte d'Azur (France)"",""2014"""
"1031,""Anemranu-001"",""Anemone"",""Anemone ranunculoides"",""---"",""Auvergne-Rhône-Alpes (France)"",""2004"""
"1032,""Irisfoet-001"",""Iris"",""Iris foetidissima"",""---"",""Auvergne-Rhône-Alpes (France)"",""2004"""
"1033,""Agrostol-001"",""Agrostis"",""Agrostis stolonifera"",""---"",""Auvergne-Rhône-Alpes (France)"",""2005"""
"1034,""Alisplan-001"",""Alisma"",""Alisma plantago-aquatica"",""---"",""Auvergne-Rhône-Alpes (France)"",""2004, 2005"""
"1035,""Helonodi-003"",""Helosciadium"",""Helosciadium nodiflorum"",""---"",""Auvergne-Rhône-Alpes (France)"",""2004"""
"1036,""Bolbmari-001"",""Bolboschoenus"",""Bolboschoenus maritimus"",""---"",""Auvergne-Rhône-Alpes (France)"",""2005"""
"1037,""Carepseu-003"",""Carex"",""Carex pseudocyperus"",""---"",""Auvergne-Rhône-Alpes (France)"",""2004, 2005"""
"1038,""Eleopalu-001"",""Eleocharis"",""Eleocharis palustris"",""---"",""Auvergne-Rhône-Alpes (France)"",""2005"""
"1039,""Glycdecl-001"",""Glyceria"",""Glyceria declinata"",""---"",""Auvergne-Rhône-Alpes (France)"",""2004, 2005"""
"1040,""Irispseu-001"",""Iris"",""Iris pseudacorus"",""---"",""Auvergne-Rhône-Alpes (France)"",""2004, 2005"""
"1041,""Juncarti-001"",""Juncus"",""Juncus articulatus"",""---"",""Auvergne-Rhône-Alpes (France)"",""2004, 2005"""
"1042,""Juncinfl-001"",""Juncus"",""Juncus inflexus"",""---"",""Auvergne-Rhône-Alpes (France)"",""2005"""
"1043,""Lythsali-001"",""Lythrum"",""Lythrum salicaria"",""---"",""Auvergne-Rhône-Alpes (France)"",""2004, 2005"""
"1044,""Mentaqua-001"",""Mentha"",""Mentha aquatica"",""---"",""Auvergne-Rhône-Alpes (France)"",""2004, 2005"""
"1045,""Juncsubn-001"",""Juncus"",""Juncus subnodulosus"",""---"",""Auvergne-Rhône-Alpes (France)"",""2004, 2005"""
"1047,""Salitria-001"",""Salix"",""Salix triandra"",""---"",""Auvergne-Rhône-Alpes (France)"",""2005"""
"1048,""Schotabe-001"",""Schoenoplectus"",""Schoenoplectus tabernaemontani"",""---"",""Auvergne-Rhône-Alpes (France)"",""2005"""
"1049,""Typhlati-001"",""Typha"",""Typha latifolia"",""---"",""Auvergne-Rhône-Alpes (France)"",""2004, 2005"""
"1050,""Veroanag-001"",""Veronica"",""Veronica anagallis-aquatica"",""---"",""Auvergne-Rhône-Alpes (France)"",""2004, 2005"""
"1051,""Verobecc-001"",""Veronica"",""Veronica beccabunga"",""---"",""Auvergne-Rhône-Alpes (France)"",""2005"""
"1052,""Cytiloto-001"",""Cytisus"",""Cytisus lotoides"",""---"",""Auvergne-Rhône-Alpes (France)"",""2004, 2006"""
"1055,""Tuliaxim-001"",""Tulipa"",""Tulipa aximensis"",""---"",""Auvergne-Rhône-Alpes (France)"",""2011"""
"1056,""Onosaren-001"",""Onosma"",""Onosma arenarium"",""Onosma arenaria pyramidata"",""Auvergne-Rhône-Alpes (France)"",""2010, 2013, 2017"""
"1057,""Onosaren-002"",""Onosma"",""Onosma arenarium"",""Onosma arenaria pyramidata"",""Auvergne-Rhône-Alpes (France)"",""2013"""
"1058,""Onosaren-003"",""Onosma"",""Onosma arenarium"",""Onosma arenaria pyramidata"",""Auvergne-Rhône-Alpes (France)"",""2010"""
"1059,""Onosaren-004"",""Onosma"",""Onosma arenarium"",""Onosma arenaria pyramidata"",""Auvergne-Rhône-Alpes (France)"",""2010"""
"1060,""Onosaren-005"",""Onosma"",""Onosma arenarium"",""Onosma arenaria pyramidata"",""Auvergne-Rhône-Alpes (France)"",""2016, 2017"""
"1061,""Mattfrut-001"",""Matthiola"",""Matthiola fruticulosa"",""---"",""Auvergne-Rhône-Alpes (France)"",""2011"""
"1062,""Mattfrut-002"",""Matthiola"",""Matthiola fruticulosa"",""---"",""Auvergne-Rhône-Alpes (France)"",""2011"""
"1063,""Helorepe-005"",""Helosciadium"",""Helosciadium repens"",""---"",""Auvergne-Rhône-Alpes (France)"",""2018"""
"1064,""Helorepe-006"",""Helosciadium"",""Helosciadium repens"",""---"",""Auvergne-Rhône-Alpes (France)"",""2018"""
"1065,""Basslani-003"",""Bassia"",""Bassia laniflora"",""---"",""Auvergne-Rhône-Alpes (France)"",""2010"""
"1066,""Lipaloes-001"",""Liparis"",""Liparis loeselii"",""---"",""Auvergne-Rhône-Alpes (France)"",""2018"""
"1067,""Andrhelv-001"",""Androsace"",""Androsace helvetica"",""---"",""Provence-Alpes-Côte d'Azur (France)"",""2014"""
"1068,""Scabcane-002"",""Scabiosa"",""Scabiosa canescens"",""---"",""Auvergne-Rhône-Alpes (France)"",""2017"""
"1071,""Alliscab-001"",""Allium"",""Allium scaberrimum"",""---"",""Provence-Alpes-Côte d'Azur (France)"",""2005, 2006"""
"1072,""Rosagall-004"",""Rosa"",""Rosa gallica"",""---"",""Provence-Alpes-Côte d'Azur (France)"",""2008"""
"1073,""Gagevill-001"",""Gagea"",""Gagea villosa"",""---"",""Provence-Alpes-Côte d'Azur (France)"",""2005, 2006"""
"1074,""Gageprat-001"",""Gagea"",""Gagea pratensis"",""---"",""Provence-Alpes-Côte d'Azur (France)"",""2006"""
"1077,""Cytielon-001"",""Cytisus"",""Cytisus elongatus"",""---"",""Auvergne-Rhône-Alpes (France)"",""2006"""
"1080,""Tuligesn-001"",""Tulipa"",""Tulipa gesneriana"",""---"",""Auvergne-Rhône-Alpes (France)"",""2011"""
"1081,""Calysepi-001"",""Calystegia"",""Calystegia sepium"",""---"",""Hesse (Germany)"",""2000, 2001"""
"1082,""Careflac-001"",""Carex"",""Carex flacca"",""---"",""Hesse (Germany)"",""2000, 2001"""
"1083,""Carepani-002"",""Carex"",""Carex panicea"",""---"",""Hesse (Germany)"",""2000, 2001"""
"1084,""Carespic-001"",""Carex"",""Carex spicata"",""---"",""Hesse (Germany)"",""2000, 2001"""
"1085,""Centjace-002"",""Centaurea"",""Centaurea jacea"",""---"",""Hesse (Germany)"",""2000, 2001"""
"1086,""Clinvulg-001"",""Clinopodium"",""Clinopodium vulgare"",""---"",""Hesse (Germany)"",""2000, 2001"""
"1087,""Galialbu-001"",""Galium"",""Galium album"",""---"",""Hesse (Germany)"",""2000, 2001"""
"1088,""Galibore-002"",""Galium"",""Galium boreale"",""---"",""Hesse (Germany)"",""2000, 2001"""
"1089,""Galipalu-001"",""Galium"",""Galium palustre"",""---"",""Hesse (Germany)"",""2000, 2001"""
"1090,""Posiocea-006"",""Posidonia"",""Posidonia oceanica"",""---"",""Provence-Alpes-Côte d'Azur (France)"",""1988, 1989, 1990, 1991, 1992, 1995"""
"1091,""Rosagall-005"",""Rosa"",""Rosa gallica"",""---"",""Occitanie (France)"",""2015"""
"1092,""Trifsqua-001"",""Trifolium"",""Trifolium squamosum"",""---"",""Occitanie (France)"",""2016"""
"1093,""Diansupe-005"",""Dianthus"",""Dianthus superbus"",""---"",""Nouvelle-Aquitaine (France)"",""2014"""
"1094,""Diansupe-006"",""Dianthus"",""Dianthus superbus"",""---"",""Nouvelle-Aquitaine (France)"",""2014"""
"1095,""Diansupe-007"",""Dianthus"",""Dianthus superbus"",""---"",""Nouvelle-Aquitaine (France)"",""2014"""
"1096,""Diansupe-008"",""Dianthus"",""Dianthus superbus"",""---"",""Nouvelle-Aquitaine (France)"",""2014"""
"1097,""Diansupe-009"",""Dianthus"",""Dianthus superbus"",""---"",""Nouvelle-Aquitaine (France)"",""2014"""
"1098,""Diansupe-010"",""Dianthus"",""Dianthus superbus"",""---"",""Nouvelle-Aquitaine (France)"",""2014"""
"1099,""Diansupe-011"",""Dianthus"",""Dianthus superbus"",""---"",""Nouvelle-Aquitaine (France)"",""2014"""
"1100,""Exacpusi-001"",""Exaculum"",""Exaculum pusillum"",""---"",""Occitanie (France)"",""2015"""
"1102,""Petrsedi-001"",""Petrosedum"",""Petrosedum sediforme"",""---"",""Nouvelle-Aquitaine (France)"",""2014"""
"1103,""Petrsedi-002"",""Petrosedum"",""Petrosedum sediforme"",""---"",""Nouvelle-Aquitaine (France)"",""2014"""
"1104,""Astepyre-001"",""Aster"",""Aster pyrenaeus"",""---"",""Occitanie (France)"",""2012"""
"1105,""Junithur-001"",""Juniperus"",""Juniperus thurifera"",""---"",""Occitanie (France)"",""2012, 2018"""
"1106,""Irisgram-001"",""Iris"",""Iris graminea"",""---"",""Occitanie (France)"",""2010, 2011, 2012"""
"1107,""Rosagall-006"",""Rosa"",""Rosa gallica"",""---"",""Occitanie (France)"",""2013"""
"1109,""Lupiangu-001"",""Lupinus"",""Lupinus angustifolius"",""---"",""Occitanie (France)"",""2016"""
"1110,""Geradiss-001"",""Geranium"",""Geranium dissectum"",""---"",""Hesse (Germany)"",""2000, 2001"""
"1111,""Hypeperf-002"",""Hypericum"",""Hypericum perforatum"",""---"",""Hesse (Germany)"",""2000, 2001"""
"1112,""Pistlent-001"",""Pistacia"",""Pistacia lentiscus"",""---"",""Provence-Alpes-Côte d'Azur (France)"",""1986"""
"1113,""Pistlent-002"",""Pistacia"",""Pistacia lentiscus"",""---"",""Provence-Alpes-Côte d'Azur (France)"",""1981"""
"1114,""Pistlent-003"",""Pistacia"",""Pistacia lentiscus"",""---"",""Provence-Alpes-Côte d'Azur (France)"",""1983"""
"1115,""Querilex-001"",""Quercus"",""Quercus ilex"",""---"",""Provence-Alpes-Côte d'Azur (France)"",""1987"""
"1118,""Pitttobi-001"",""Pittosporum"",""Pittosporum tobira"",""---"",""Provence-Alpes-Côte d'Azur (France)"",""1995"""
"1120,""Cortsell-001"",""Cortaderia"",""Cortaderia selloana"",""---"",""Provence-Alpes-Côte d'Azur (France)"",""1989"""
"1121,""Anthbarb-006"",""Anthyllis"",""Anthyllis barba-jovis"",""---"",""Provence-Alpes-Côte d'Azur (France)"",""1986"""
"1122,""Atrihali-001"",""Atriplex"",""Atriplex halimus"",""---"",""Provence-Alpes-Côte d'Azur (France)"",""1993"""
"1123,""Atrihali-002"",""Atriplex"",""Atriplex halimus"",""---"",""Provence-Alpes-Côte d'Azur (France)"",""1981"""
"1128,""Philangu-001"",""Phillyrea"",""Phillyrea angustifolia"",""---"",""Provence-Alpes-Côte d'Azur (France)"",""1986"""
"1132,""Querilex-004"",""Quercus"",""Quercus ilex"",""---"",""Provence-Alpes-Côte d'Azur (France)"",""1987"""
"1133,""Querilex-005"",""Quercus"",""Quercus ilex"",""---"",""Provence-Alpes-Côte d'Azur (France)"",""1983"""
"1134,""Juniphoe-004"",""Juniperus"",""Juniperus phoenicea"",""---"",""Provence-Alpes-Côte d'Azur (France)"",""1988"""
"1135,""Juniphoe-005"",""Juniperus"",""Juniperus phoenicea"",""---"",""Provence-Alpes-Côte d'Azur (France)"",""1995"""
"1136,""Juniphoe-006"",""Juniperus"",""Juniperus phoenicea"",""---"",""Provence-Alpes-Côte d'Azur (France)"",""1983"""
"1137,""Limomono-004"",""Limoniastrum"",""Limoniastrum monopetalum"",""---"",""Provence-Alpes-Côte d'Azur (France)"",""1986"""
"1138,""Limomono-005"",""Limoniastrum"",""Limoniastrum monopetalum"",""---"",""Provence-Alpes-Côte d'Azur (France)"",""1981"""
"1139,""Limomono-006"",""Limoniastrum"",""Limoniastrum monopetalum"",""---"",""Provence-Alpes-Côte d'Azur (France)"",""1983"""
"1140,""Anthbarb-009"",""Anthyllis"",""Anthyllis barba-jovis"",""---"",""Provence-Alpes-Côte d'Azur (France)"",""1995"""
"1141,""Anthbarb-010"",""Anthyllis"",""Anthyllis barba-jovis"",""---"",""Provence-Alpes-Côte d'Azur (France)"",""1983"""
"1144,""Astrraph-001"",""Astragalus"",""Astragalus raphaelis"",""---"",""Sicilia (Italy)"",""2017"""
"1150,""Dianrupi-001"",""Dianthus"",""Dianthus rupicola"",""Dianthus rupicola rupicola"",""Sicilia (Italy)"",""2017"""
"1152,""Doryfulg-001"",""Dorycnium"",""Dorycnium fulgurans"",""---"",""Islas Baleares (Spain)"",""2017"""
"1153,""Doryfulg-002"",""Dorycnium"",""Dorycnium fulgurans"",""---"",""Islas Baleares (Spain)"",""2017"""
"1154,""Isoehist-001"",""Isoetes"",""Isoetes histrix"",""---"",""Islas Baleares (Spain)"",""2017"""
"1156,""Linumari-002"",""Linum"",""Linum maritimum"",""---"",""Islas Baleares (Spain)"",""2017"""
"1157,""Leopguss-001"",""Leopoldia"",""Leopoldia gussonei"",""---"",""Sicilia (Italy)"",""2017"""
"1158,""Myosmini-003"",""Myosurus"",""Myosurus minimus"",""---"",""Islas Baleares (Spain)"",""2017"""
"1159,""Ononcris-001"",""Ononis"",""Ononis crispa"",""---"",""Islas Baleares (Spain)"",""2017"""
"1160,""Origonit-001"",""Origanum"",""Origanum onites"",""---"",""Sicilia (Italy)"",""2017"""
"1161,""Ranubull-001"",""Ranunculus"",""Ranunculus bullatus"",""---"",""Islas Baleares (Spain)"",""2017"""
"1162,""Ribesard-001"",""Ribes"",""Ribes sardoum"",""---"",""Sardegna (Italy)"",""2017"""
"1163,""Trippann-001"",""Tripolium"",""Tripolium pannonicum"",""---"",""Sicilia (Italy)"",""2017"""
"1278,""Marsquad-004"",""Marsilea"",""Marsilea quadrifolia"",""---"",""Pays de la Loire (France)"",""2011"""
"1279,""Marsquad-005"",""Marsilea"",""Marsilea quadrifolia"",""---"",""Pays de la Loire (France)"",""2016"""
"1280,""Marsquad-006"",""Marsilea"",""Marsilea quadrifolia"",""---"",""Pays de la Loire (France)"",""2019"""
"1281,""Cephrubr-001"",""Cephalanthera"",""Cephalanthera rubra"",""---"",""Auvergne-Rhône-Alpes (France)"",""2012, 2013"""
"1282,""Tuliagen-005"",""Tulipa"",""Tulipa agenensis"",""---"",""Provence-Alpes-Côte d'Azur (France)"",""2014"""
"1283,""Allieric-001"",""Allium"",""Allium ericetorum"",""---"",""Pays de la Loire (France)"",""2018"""
"1284,""Tulisylv-007"",""Tulipa"",""Tulipa sylvestris"",""Tulipa sylvestris sylvestris"",""Pays de la Loire (France)"",""2009"""
"1285,""Tulisylv-008"",""Tulipa"",""Tulipa sylvestris"",""Tulipa sylvestris sylvestris"",""Pays de la Loire (France)"",""2009"""
"1286,""Tulisylv-009"",""Tulipa"",""Tulipa sylvestris"",""Tulipa sylvestris sylvestris"",""Pays de la Loire (France)"",""2009"""
"1289,""Taxubacc-001"",""Taxus"",""Taxus baccata"",""---"",""Emilia-Romagna (Italy)"",""2000"""
"1300,""Aldrvesi-012"",""Aldrovanda"",""Aldrovanda vesiculosa"",""---"",""Canton de Zurich (Switzerland)"",""1908"""
"1301,""Alyslois-001"",""Alyssum"",""Alyssum loiseleurii"",""Alyssum loiseleurii loiseleurii"",""País Vasco (Spain)"",""2017"""
"1302,""Andrcent-001"",""Androsace"",""Androsace centriberica"",""Androsace centriberica assoana"",""Aragón (Spain)"",""2008"""
"1303,""Astrniti-001"",""Astragalus"",""Astragalus nitidiflorus"",""---"",""Región de Murcia (Spain)"",""2013"""
"1304,""Astrniti-002"",""Astragalus"",""Astragalus nitidiflorus"",""---"",""Región de Murcia (Spain)"",""2013"""
"1305,""Astrniti-003"",""Astragalus"",""Astragalus nitidiflorus"",""---"",""Región de Murcia (Spain)"",""2013"""
"1306,""Astrniti-004"",""Astragalus"",""Astragalus nitidiflorus"",""---"",""Región de Murcia (Spain)"",""2014"""
"1307,""Avelfist-001"",""Avellara"",""Avellara fistulosa"",""---"",""Andalucía (Spain)"",""2014"""
"1308,""Cyprcalc-002"",""Cypripedium"",""Cypripedium calceolus"",""---"",""Aragón (Spain)"",""2004"""
"1309,""Diplsiet-001"",""Diplotaxis"",""Diplotaxis siettiana"",""---"",""Andalucía (Spain)"",""1988, 1991, 1999"""
"1310,""Erodcelt-001"",""Erodium"",""Erodium celtibericum"",""---"",""Aragón (Spain)"",""2008"""
"1311,""Limoperp-001"",""Limonium"",""Limonium perplexum"",""---"",""Comunitat Valenciana (Spain)"",""2008"""
"1312,""Limoperp-002"",""Limonium"",""Limonium perplexum"",""---"",""Comunitat Valenciana (Spain)"",""2012"""
"1313,""Limoperp-003"",""Limonium"",""Limonium perplexum"",""---"",""Comunitat Valenciana (Spain)"",""2015"""
"1314,""Limoperp-004"",""Limonium"",""Limonium perplexum"",""---"",""Comunitat Valenciana (Spain)"",""2011"""
"1315,""Narccava-001"",""Narcissus"",""Narcissus cavanillesii"",""---"",""Alentejo (Portugal)"",""2001"""
"1316,""Silecamb-001"",""Silene"",""Silene cambessedesii"",""---"",""Comunitat Valenciana (Spain)"",""2008, 2009"""
"1317,""Silecamb-002"",""Silene"",""Silene cambessedesii"",""---"",""Comunitat Valenciana (Spain)"",""2013"""
"1318,""Silehifa-007"",""Silene"",""Silene hifacensis"",""---"",""Comunitat Valenciana (Spain)"",""2009"""
"1319,""Silehifa-008"",""Silene"",""Silene hifacensis"",""---"",""Comunitat Valenciana (Spain)"",""2009"""
"1320,""Sidefern-001"",""Sideritis"",""Sideritis fernadez-casasii"",""---"",""Aragón (Spain)"",""2014"""
"1347,""Lipaloes-002"",""Liparis"",""Liparis loeselii"",""---"",""Nouvelle-Aquitaine (France)"",""2016"""
"1348,""Lipaloes-003"",""Liparis"",""Liparis loeselii"",""---"",""Nouvelle-Aquitaine (France)"",""2016"""
"1351,""Pancmari-004"",""Pancratium"",""Pancratium maritimum"",""---"",""Provence-Alpes-Côte d'Azur (France)"",""2009"""
"1352,""Chamhumi-002"",""Chamaerops"",""Chamaerops humilis"",""---"",""Provence-Alpes-Côte d'Azur (France)"",""1997"""
"1353,""Saxihirc-005"",""Saxifraga"",""Saxifraga hirculus"",""---"",""Bourgogne-Franche-Comté (France)"",""2018"""
"1354,""Saxihirc-006"",""Saxifraga"",""Saxifraga hirculus"",""---"",""Bourgogne-Franche-Comté (France)"",""2018"""
"1355,""Saxihirc-007"",""Saxifraga"",""Saxifraga hirculus"",""---"",""Bourgogne-Franche-Comté (France)"",""2018"""
"1356,""Saxihirc-008"",""Saxifraga"",""Saxifraga hirculus"",""---"",""District de Nyons (Switzerland)"",""2015"""
"1357,""Saxihirc-009"",""Saxifraga"",""Saxifraga hirculus"",""---"",""Canton de Neuchâtel (Switzerland)"",""1998"""
"1358,""Ranuweyl-001"",""Ranunculus"",""Ranunculus weyleri"",""---"",""Islas Baleares (Spain)"",""1958"""
"1359,""Tuliclus-001"",""Tulipa"",""Tulipa clusiana"",""---"",""Nouvelle-Aquitaine (France)"",""2015"""
"1360,""Tuliagen-006"",""Tulipa"",""Tulipa agenensis"",""---"",""Nouvelle-Aquitaine (France)"",""2005"""
"1361,""Anemcoro-001"",""Anemone"",""Anemone coronaria"",""---"",""Nouvelle-Aquitaine (France)"",""2006"""
"1362,""Allisubh-001"",""Allium"",""Allium subhirsutum"",""---"",""Nouvelle-Aquitaine (France)"",""2006"""
"1363,""Alliampe-001"",""Allium"",""Allium ampeloprasum"",""---"",""Nouvelle-Aquitaine (France)"",""2006"""
"1364,""Allivine-001"",""Allium"",""Allium vineale"",""---"",""Nouvelle-Aquitaine (France)"",""2006"""
"1365,""Leopcomo-001"",""Leopoldia"",""Leopoldia comosa"",""---"",""Nouvelle-Aquitaine (France)"",""2006"""
"1366,""Orniumbe-001"",""Ornithogalum"",""Ornithogalum umbellatum"",""---"",""Nouvelle-Aquitaine (France)"",""2006"""
"1367,""Tuliagen-007"",""Tulipa"",""Tulipa agenensis"",""---"",""Nouvelle-Aquitaine (France)"",""2014, 2015"""
"1368,""Allirose-001"",""Allium"",""Allium roseum"",""---"",""Nouvelle-Aquitaine (France)"",""2012"""
"1369,""Hypemont-002"",""Hypericum"",""Hypericum montanum"",""---"",""Nouvelle-Aquitaine (France)"",""2017"""
"1370,""Glanpros-001"",""Glandora"",""Glandora prostrata"",""Glandora prostrata lusitanica"",""Nouvelle-Aquitaine (France)"",""2010"""
"1371,""Lysimino-001"",""Lysimachia"",""Lysimachia minoricensis"",""---"",""Islas Baleares (Spain)"",""1993"""
"1372,""Lysimino-002"",""Lysimachia"",""Lysimachia minoricensis"",""---"",""Islas Baleares (Spain)"",""1993, 1995, 1996"""
"1373,""Lysimino-003"",""Lysimachia"",""Lysimachia minoricensis"",""---"",""Islas Baleares (Spain)"",""1993"""
"1374,""Lysimino-004"",""Lysimachia"",""Lysimachia minoricensis"",""---"",""Islas Baleares (Spain)"",""1959"""
"1375,""Lysimino-005"",""Lysimachia"",""Lysimachia minoricensis"",""---"",""Islas Baleares (Spain)"",""1975"""
"1376,""Senebayo-001"",""Senecio"",""Senecio bayonnensis"",""---"",""Nouvelle-Aquitaine (France)"",""2012, 2014"""
"1377,""Linaflav-002"",""Linaria"",""Linaria flava"",""Linaria flava sardoa"",""Corse (France)"",""1998"""
"1378,""Perigrae-001"",""Periploca"",""Periploca graeca"",""---"",""Corse (France)"",""1992"""
"1379,""Querrobu-001"",""Quercus"",""Quercus robur"",""Quercus robur robur"",""Corse (France)"",""1993"""
"1380,""Kostpent-003"",""Kosteletzkya"",""Kosteletzkya pentacarpos"",""---"",""Corse (France)"",""2017"""
"1381,""Kostpent-004"",""Kosteletzkya"",""Kosteletzkya pentacarpos"",""---"",""Corse (France)"",""2017"""
"1382,""Kostpent-005"",""Kosteletzkya"",""Kosteletzkya pentacarpos"",""---"",""Corse (France)"",""2017"""
"1383,""Silevelu-003"",""Silene"",""Silene velutina"",""---"",""Corse (France)"",""2019"""
"1398,""Arisrotu-001"",""Aristolochia"",""Aristolochia rotunda"","""",""Provence-Alpes-Côte d'Azur (France)"",""2018"""
"1399,""Polypers-001"",""Polygonum"",""Polygonum persicaria"",""---"",""Auvergne-Rhône-Alpes (France)"",""2005"""
"1400,""Cytiardo-001"",""Cytisus"",""Cytisus ardoinoi"",""Cytisus ardoinoi sauzeanus"",""Auvergne-Rhône-Alpes (France)"",""2004, 2006"""
"1401,""Crocvers-001"",""Crocus"",""Crocus versicolor"",""---"",""Auvergne-Rhône-Alpes (France)"",""2004"""
"1402,""Lysithyr-002"",""Lysimachia"",""Lysimachia thyrsiflora"",""---"",""Canton de Berne (Switzerland)"",""2016"""
"1403,""Erynvivi-001"",""Eryngium"",""Eryngium viviparum"",""---"",""Bretagne (France)"",""2015, 2016"""
"1404,""Erynvivi-002"",""Eryngium"",""Eryngium viviparum"",""---"",""Bretagne (France)"",""2015, 2016"""
"1405,""Erynvivi-003"",""Eryngium"",""Eryngium viviparum"",""---"",""Bretagne (France)"",""2016, 2017"""
"1406,""Erynvivi-004"",""Eryngium"",""Eryngium viviparum"",""---"",""Bretagne (France)"",""2016, 2017"""
"1407,""Erynvivi-005"",""Eryngium"",""Eryngium viviparum"",""---"",""Galicia (Spain)"",""2014, 2015"""
"1416,""Leucaest-009"",""Leucojum"",""Leucojum aestivum"",""---"",""Provence-Alpes-Côte d'Azur (France)"",""2020"""
"1417,""Leucaest-010"",""Leucojum"",""Leucojum aestivum"",""---"",""Provence-Alpes-Côte d'Azur (France)"",""2020"""
"1462,""Phegconn-001"",""Phegopteris"",""Phegopteris connectilis"",""---"",""Nouvelle-Aquitaine (France)"",""2001"""
"1463,""Ulmulaev-001"",""Ulmus"",""Ulmus laevis"",""---"",""Auvergne-Rhône-Alpes (France)"",""2020"""
"1464,""Iberlini-001"",""Iberis"",""Iberis linifolia"",""---"",""Auvergne-Rhône-Alpes (France)"",""2019"""
"1465,""Isoemali-001"",""Isoetes"",""Isoetes malinverniana"",""---"",""Lombardie (Italy)"",""2016"""
"1466,""Leucaest-011"",""Leucojum"",""Leucojum aestivum"",""Leucojum aestivum aestivum"",""Emilia-Romagna (Italy)"",""2011"""
"1467,""Leucaest-012"",""Leucojum"",""Leucojum aestivum"",""Leucojum aestivum aestivum"",""Emilia-Romagna (Italy)"",""2011"""
"1468,""Junicomm-002"",""Juniperus"",""Juniperus communis"",""---"",""South West England (United Kingdom)"",""2013"""
"1469,""Astrtrag-001"",""Astragalus"",""Astragalus tragacantha"",""---"",""Provence-Alpes-Côte d'Azur (France)"",""2012"""
"1470,""Astrtrag-002"",""Astragalus"",""Astragalus tragacantha"",""---"",""Provence-Alpes-Côte d'Azur (France)"",""2012"""
"1471,""Astrtrag-003"",""Astragalus"",""Astragalus tragacantha"",""---"",""Provence-Alpes-Côte d'Azur (France)"",""2012"""
"1473,""Caltpalu-001"",""Caltha"",""Caltha palustris"",""---"",""Lombardie (Italy)"",""1988"""
"1475,""Caltpalu-002"",""Caltha"",""Caltha palustris"",""---"",""Provence-Alpes-Côte d'Azur (France)"",""2021"""
"1476,""Eleopalu-002"",""Eleocharis"",""Eleocharis palustris"",""---"",""Provence-Alpes-Côte d'Azur (France)"",""2021"""
"1477,""Irispseu-002"",""Iris"",""Iris pseudacorus"",""---"",""Provence-Alpes-Côte d'Azur (France)"",""2021"""
"1478,""Lythsali-002"",""Lythrum"",""Lythrum salicaria"",""---"",""Provence-Alpes-Côte d'Azur (France)"",""2021"""
"1479,""Phraaust-001"",""Phragmites"",""Phragmites australis"",""---"",""Provence-Alpes-Côte d'Azur (France)"",""2021"""
"1480,""Typhlati-002"",""Typha"",""Typha latifolia"",""---"",""Provence-Alpes-Côte d'Azur (France)"",""2021"""
"1481,""Butoumbe-001"",""Butomus"",""Butomus umbellatus"",""---"",""Provence-Alpes-Côte d'Azur (France)"",""2021"""
"1482,""Carepend-001"",""Carex"",""Carex pendula"",""---"",""Provence-Alpes-Côte d'Azur (France)"",""2021"""
"1483,""Careacut-001"",""Carex"",""Carex acuta"",""---"",""Provence-Alpes-Côte d'Azur (France)"",""2021"""
"1484,""Careacut-002"",""Carex"",""Carex acutiformis"",""---"",""Provence-Alpes-Côte d'Azur (France)"",""2021"""
"1485,""Carepseu-004"",""Carex"",""Carex pseudocyperus"",""---"",""Provence-Alpes-Côte d'Azur (France)"",""2021"""
"1486,""Lysivulg-001"",""Lysimachia"",""Lysimachia vulgaris"",""---"",""Provence-Alpes-Côte d'Azur (France)"",""2021"""
"1487,""Mentaqua-002"",""Mentha"",""Mentha aquatica"",""---"",""Provence-Alpes-Côte d'Azur (France)"",""2021"""
"1488,""Scholacu-001"",""Schoenoplectus"",""Schoenoplectus lacustris"",""---"",""Provence-Alpes-Côte d'Azur (France)"",""2021"""
"1489,""Verobecc-002"",""Veronica"",""Veronica beccabunga"",""---"",""Provence-Alpes-Côte d'Azur (France)"",""2021"""
